Player,Shot,Point,Game,Set,bounce_x_std,bounce_y_std,hit_x_std,hit_y_std,hit_z,Speed (MPH),Type,Stroke,Spin,Bounce Depth,Bounce Zone,Hit Zone,Result,Winner,Hit Depth,Direction,Hit Side,Bounce (x),Bounce (y),Hit (x),Hit (y)
Adi Bitton,1,1,1,1,2.767967,5.592771,1.646484,-0.188788,2.21875,63.723099,first_serve,Serve,Slice,short,deuce,deuce,In,Adi Bitton,deep,out wide,far,2.767967,5.592771,-1.646484,23.958788
Opponent,2,1,1,1,-3.373047,16.978745,4.417969,-1.095559,1.150391,34.698551,first_return,Forehand,Topspin,short,deuce,deuce_alley,Net,Adi Bitton,out,down the line,near,3.373047,6.791255,4.417969,-1.095559
Adi Bitton,1,2,1,1,-2.213389,6.137396,-0.525391,-0.063788,2.400391,63.607983,first_serve,Serve,Flat,short,ad,ad,In,Adi Bitton,deep,down the T,far,-2.213389,6.137396,0.525391,23.833788
Opponent,2,2,1,1,1.759327,2.299575,-2.669922,-1.501809,1.148438,47.860279,first_return,Forehand,Flat,deep,deuce,ad,In,Adi Bitton,out,inside in,near,-1.759327,21.470425,-2.669922,-1.501809
Adi Bitton,3,2,1,1,4.1148,0.601562,2.033203,-0.782538,1.310547,53.810673,serve_plus_one,Forehand,Topspin,deep,deuce,deuce,In,Adi Bitton,deep,cross court,far,4.1148,0.601562,-2.033203,24.552538
Opponent,4,2,1,1,-0.064378,2.603862,4.59375,-1.759622,0.842773,35.598557,return_plus_one,Forehand,Topspin,deep,ad,deuce_alley,In,Adi Bitton,out,down the line,near,0.064378,21.166138,4.59375,-1.759622
Adi Bitton,5,2,1,1,2.743133,4.010045,0.361572,2.186212,1.708984,63.38023,in_play,Forehand,Topspin,deep,deuce,deuce,In,Opponent,deep,cross court,far,2.743133,4.010045,-0.361572,21.583788
Adi Bitton,1,3,1,1,3.956524,5.483065,1.22168,0.686212,2.285156,59.124046,first_serve,Serve,Slice,deep,deuce,deuce,Out,Opponent,deep,out wide,far,3.956524,5.483065,-1.22168,23.083788
Adi Bitton,1,3,1,1,2.809156,4.988091,1.357422,0.561212,2.322266,54.94437,second_serve,Serve,Slice,deep,deuce,deuce,Out,Opponent,deep,out wide,far,2.809156,4.988091,-1.357422,23.208788
Opponent,2,3,1,1,0.466797,5.362171,4.238281,-0.736184,1.291992,35.468269,second_return,Forehand,Flat,deep,deuce,deuce_alley,In,Opponent,out,down the line,near,-0.466797,18.407829,4.238281,-0.736184
Adi Bitton,1,4,1,1,-2.031196,8.270495,-0.533203,0.045587,2.234375,62.401241,first_serve,Serve,Kick,short,ad,ad,In,Opponent,deep,out wide,far,-2.031196,8.270495,0.533203,23.724413
Opponent,2,4,1,1,1.406956,5.721166,-2.818359,-1.181497,1.007812,55.685772,first_return,Forehand,Flat,short,deuce,ad,In,Opponent,out,inside in,near,-1.406956,18.048834,-2.818359,-1.181497
Adi Bitton,3,4,1,1,3.531072,4.257192,1.345703,-0.329413,0.885742,51.855545,serve_plus_one,Forehand,Topspin,deep,deuce,deuce,In,Opponent,deep,cross court,far,3.531072,4.257192,-1.345703,24.099413
Opponent,4,4,1,1,3.128344,0.0303,3.929688,-1.462747,1.132812,36.093956,return_plus_one,Forehand,Topspin,deep,deuce,deuce,In,Opponent,out,cross court,near,-3.128344,23.7397,3.929688,-1.462747
Adi Bitton,5,4,1,1,-1.081768,9.71146,3.783203,-1.720038,1.707031,27.093956,in_play,Forehand,Topspin,short,ad,deuce,In,Opponent,out,down the line,far,-1.081768,9.71146,-3.783203,25.490038
Opponent,6,4,1,1,-2.9264,0.007644,0.021927,1.357566,1.375,73.541908,in_play,Backhand,Flat,deep,ad,center_line,In,Opponent,deep,down the line,near,2.9264,23.762356,0.021927,1.357566
Adi Bitton,7,4,1,1,2.582031,12.421875,-2.683594,-1.657538,1.492188,38.574314,in_play,Backhand,Flat,short,ad,ad,Net,Adi Bitton,out,cross court,far,2.582031,12.421875,2.683594,25.427538
Adi Bitton,1,5,1,1,2.330078,12.3125,1.398438,-0.110663,2.394531,40.852921,first_serve,Serve,Kick,short,ad,deuce,Net,Adi Bitton,deep,out wide,far,2.330078,12.3125,-1.398438,23.880663
Adi Bitton,1,5,1,1,3.049889,7.629717,1.391602,0.608087,2.134766,52.004494,second_serve,Serve,Slice,short,deuce,deuce,In,Adi Bitton,deep,out wide,far,3.049889,7.629717,-1.391602,23.161913
Opponent,2,5,1,1,1.030423,5.877937,4.652344,0.256003,1.164062,59.239254,second_return,Forehand,Topspin,short,deuce,deuce_alley,In,Adi Bitton,deep,down the line,near,-1.030423,17.892063,4.652344,0.256003
Adi Bitton,3,5,1,1,-1.744604,4.174065,3.392578,0.717462,0.939453,38.409225,serve_plus_one,Forehand,Slice,deep,ad,deuce,In,Adi Bitton,deep,down the line,far,-1.744604,4.174065,-3.392578,23.052538
Opponent,4,5,1,1,-3.003906,18.048319,-1.818359,-0.126809,0.581055,27.367968,return_plus_one,Backhand,Topspin,short,deuce,ad,Net,Opponent,deep,down the line,near,3.003906,5.721681,-1.818359,-0.126809
Adi Bitton,1,6,1,1,-1.75293,12.632812,-0.538574,0.029962,2.365234,38.294315,first_serve,Serve,Flat,short,deuce,ad,Net,Opponent,deep,out wide,far,-1.75293,12.632812,0.538574,23.740038
Adi Bitton,1,6,1,1,-2.800781,17.596512,0.440674,0.491254,2.255859,25.691612,second_serve,Serve,Flat,short,deuce,ad,Net,Opponent,deep,out wide,far,-2.800781,17.596512,-0.440674,23.278746
Opponent,1,7,2,1,0.721191,12.320312,0.756348,1.248712,2.191406,44.138172,first_serve,Serve,Flat,short,ad,deuce,Net,Opponent,deep,down the T,far,0.721191,12.320312,-0.756348,22.521288
Opponent,1,7,2,1,1.57074,7.136008,0.759277,-0.157538,2.191406,52.122227,second_serve,Serve,Kick,short,deuce,deuce,In,Opponent,deep,down the T,far,1.57074,7.136008,-0.759277,23.927538
Adi Bitton,2,7,2,1,-1.058594,13.830604,1.925781,-0.204934,1.49707,30.182949,second_return,Forehand,Topspin,short,deuce,deuce,Net,Adi Bitton,deep,cross court,near,1.058594,9.939396,1.925781,-0.204934
Opponent,1,8,2,1,-2.439483,6.393725,-1.279297,-0.626288,2.417969,82.91745,first_serve,Serve,Slice,short,ad,ad,In,Adi Bitton,deep,out wide,far,-2.439483,6.393725,1.279297,24.396288
Adi Bitton,2,8,2,1,-0.623005,7.957893,-4.402344,-0.954934,1.177734,38.661381,first_return,Backhand,Topspin,short,ad,ad_alley,In,Adi Bitton,out,down the line,near,0.623005,15.812107,-4.402344,-0.954934
Opponent,3,8,2,1,-1.429182,1.697803,-1.489258,2.529962,1.466797,60.885834,serve_plus_one,Backhand,Topspin,deep,ad,ad,In,Adi Bitton,deep,cross court,far,-1.429182,1.697803,1.489258,21.240038
Adi Bitton,4,8,2,1,-1.298828,5.61375,-1.821289,-2.12681,1.012695,59.284233,return_plus_one,Backhand,Flat,short,ad,ad,In,Adi Bitton,out,cross court,near,1.298828,18.15625,-1.821289,-2.12681
Opponent,5,8,2,1,2.123047,12.375,-1.298828,4.404962,0.835938,21.650688,in_play,Volley,Slice,short,ad,ad,Net,Adi Bitton,short,cross court,far,2.123047,12.375,1.298828,19.365038
Opponent,1,9,2,1,1.122029,5.042954,0.398193,0.344411,2.189453,92.39608,first_serve,Serve,Slice,deep,deuce,deuce,Out,Adi Bitton,deep,down the T,far,1.122029,5.042954,-0.398193,23.425589
Opponent,1,9,2,1,0.820939,6.665318,0.740723,0.279962,2.199219,54.38509,second_serve,Serve,Kick,short,deuce,deuce,In,Adi Bitton,deep,down the T,far,0.820939,6.665318,-0.740723,23.490038
Adi Bitton,2,9,2,1,-3.860653,6.350765,1.311523,-0.931497,1.144531,58.007462,second_return,Backhand,Flat,short,ad,deuce,In,Adi Bitton,out,inside in,near,3.860653,17.419235,1.311523,-0.931497
Opponent,3,9,2,1,4.869551,24.296875,-4.441406,-3.657538,0.663574,61.994785,serve_plus_one,Backhand,Flat,out,ad_alley,ad_alley,Net,Adi Bitton,out,cross court,far,4.869551,24.296875,4.441406,27.427538
Opponent,1,10,2,1,-3.970076,6.784674,-1.53418,-0.407538,2.480469,64.950722,first_serve,Serve,Slice,short,ad,ad,In,Adi Bitton,deep,out wide,far,-3.970076,6.784674,1.53418,24.177538
Adi Bitton,2,10,2,1,0.923033,-0.492671,-4.816406,0.224753,1.286133,46.436966,first_return,Backhand,Topspin,out,deuce,ad_alley,Out,Adi Bitton,deep,down the line,near,-0.923033,24.262671,-4.816406,0.224753
Opponent,3,10,2,1,-3.400391,13.835004,1.46582,-1.032538,0.634277,28.32757,serve_plus_one,Forehand,Flat,short,deuce,deuce,Net,Opponent,deep,cross court,far,-3.400391,13.835004,-1.46582,24.802538
Opponent,1,11,2,1,3.647139,4.140358,0.774414,-0.063788,2.380859,75.576775,first_serve,Serve,Flat,deep,deuce,deuce,Out,Opponent,deep,out wide,far,3.647139,4.140358,-0.774414,23.833788
Opponent,1,11,2,1,1.631435,5.434027,0.790039,0.248712,2.162109,41.161587,second_serve,Serve,Kick,deep,deuce,deuce,Out,Opponent,deep,down the T,far,1.631435,5.434027,-0.790039,23.521288
Adi Bitton,2,11,2,1,2.933594,-0.170119,1.871094,-0.306497,1.644531,45.902328,second_return,Forehand,Topspin,out,deuce,deuce,Out,Adi Bitton,deep,cross court,near,-2.933594,23.940119,1.871094,-0.306497
Opponent,1,12,2,1,-3.522317,5.851341,-1.051758,0.561212,2.306641,63.741516,first_serve,Serve,Slice,short,ad,ad,In,Adi Bitton,deep,out wide,far,-3.522317,5.851341,1.051758,23.208788
Adi Bitton,2,12,2,1,-3.28422,3.165412,-5.007812,-1.228372,1.084961,58.722229,first_return,Backhand,Topspin,deep,ad,ad_alley,In,Adi Bitton,out,down the line,near,3.28422,20.604588,-5.007812,-1.228372
Opponent,3,12,2,1,3.828125,-1.78125,-4.089844,-0.407538,1.391602,39.690037,serve_plus_one,Backhand,Flat,out,deuce,ad,Out,Opponent,deep,down the line,far,3.828125,-1.78125,4.089844,24.177538
Adi Bitton,1,13,3,1,0.715332,12.316875,1.537109,0.295066,2.353516,36.726765,first_serve,Serve,Slice,short,ad,deuce,Net,Opponent,deep,down the T,near,-0.715332,11.453125,1.537109,0.295066
Adi Bitton,1,13,3,1,3.127055,6.270858,1.299805,0.037253,2.431641,65.057846,second_serve,Serve,Flat,short,deuce,deuce,In,Opponent,deep,out wide,near,-3.127055,17.499142,1.299805,0.037253
Opponent,2,13,3,1,3.849967,5.036802,5.433594,-0.376288,1.166016,53.722435,second_return,Forehand,Flat,deep,deuce,deuce_alley,In,Adi Bitton,deep,down the line,far,3.849967,5.036802,-5.433594,24.146288
Adi Bitton,1,14,3,1,-1.73335,6.92365,-0.648438,-0.243997,2.267578,78.777512,first_serve,Serve,Kick,short,ad,ad,In,Adi Bitton,deep,down the T,near,1.73335,16.84635,-0.648438,-0.243997
Opponent,2,14,3,1,0.493408,13.359375,-1.762695,-0.563788,1.222656,60.831909,first_return,Forehand,Flat,short,ad,ad,Net,Adi Bitton,deep,inside out,far,0.493408,13.359375,1.762695,24.333788
Adi Bitton,1,15,3,1,0.988685,6.607379,1.390625,0.302878,2.490234,72.774506,first_serve,Serve,Flat,short,deuce,deuce,In,Adi Bitton,deep,down the T,near,-0.988685,17.162621,1.390625,0.302878
Opponent,2,15,3,1,-2.178551,6.896399,2.580078,0.529962,1.231445,49.380138,first_return,Backhand,Topspin,short,ad,deuce,In,Adi Bitton,deep,inside in,far,-2.178551,6.896399,-2.580078,23.240038
Adi Bitton,3,15,3,1,-4.100001,4.61807,-1.386719,-1.150247,0.695801,54.197895,serve_plus_one,Backhand,Flat,deep,ad,ad,In,Adi Bitton,out,cross court,near,4.100001,19.15193,-1.386719,-1.150247
Adi Bitton,1,16,3,1,-1.886682,6.02733,-0.624023,-0.423684,2.228516,78.195862,first_serve,Serve,Kick,short,ad,ad,In,Adi Bitton,deep,down the T,near,1.886682,17.74267,-0.624023,-0.423684
Opponent,2,16,3,1,0.671141,4.808442,-1.541016,-1.657538,1.521484,47.215847,first_return,Forehand,Flat,deep,deuce,ad,In,Adi Bitton,out,inside in,far,0.671141,4.808442,1.541016,25.427538
Adi Bitton,3,16,3,1,2.086861,3.096347,-0.033844,0.412253,1.580078,66.578171,serve_plus_one,Forehand,Topspin,deep,deuce,ad,In,Adi Bitton,deep,inside in,near,-2.086861,20.673653,-0.033844,0.412253
Opponent,4,16,3,1,-1.034497,3.691004,3.066406,-1.157538,0.890137,54.081554,return_plus_one,Forehand,Flat,deep,ad,deuce,In,Adi Bitton,deep,down the line,far,-1.034497,3.691004,-3.066406,24.927538
Adi Bitton,5,16,3,1,1.149414,6.395803,-0.912109,-0.868997,1.042969,51.690655,in_play,Forehand,Slice,short,deuce,ad,In,Adi Bitton,out,inside in,near,-1.149414,17.374197,-0.912109,-0.868997
Opponent,6,16,3,1,1.345042,3.546726,1.206055,0.404962,0.509277,33.362835,in_play,Forehand,Slice,deep,deuce,deuce,In,Adi Bitton,deep,cross court,far,1.345042,3.546726,-1.206055,23.365038
Adi Bitton,7,16,3,1,2.054433,5.484476,1.03418,0.388816,1.472656,72.916733,in_play,Forehand,Topspin,short,deuce,deuce,In,Adi Bitton,deep,cross court,near,-2.054433,18.285524,1.03418,0.388816
Adi Bitton,1,17,3,1,3.116248,3.192407,1.630859,0.318503,2.367188,67.910728,first_serve,Serve,Flat,deep,deuce,deuce,Out,Adi Bitton,deep,out wide,near,-3.116248,20.577593,1.630859,0.318503
Adi Bitton,1,17,3,1,3.196145,5.644897,1.44043,0.138816,2.644531,60.629128,second_serve,Serve,Slice,short,deuce,deuce,In,Adi Bitton,deep,out wide,near,-3.196145,18.125103,1.44043,0.138816
Opponent,2,17,3,1,4.052374,4.964595,5.15625,0.264337,1.175781,47.435974,second_return,Forehand,Flat,deep,deuce,deuce_alley,In,Adi Bitton,deep,down the line,far,4.052374,4.964595,-5.15625,23.505663
Adi Bitton,3,17,3,1,-0.175684,8.197183,4.140625,1.966941,1.697266,26.035257,serve_plus_one,Forehand,Slice,short,ad,deuce_alley,In,Adi Bitton,deep,down the line,near,0.175684,15.572817,4.140625,1.966941
Opponent,1,18,4,1,0.570448,5.821996,0.678711,0.042796,2.25,72.353104,first_serve,Serve,Kick,short,deuce,deuce,In,Adi Bitton,deep,down the T,near,-0.570448,17.948004,0.678711,0.042796
Adi Bitton,2,18,4,1,-1.263275,2.463887,1.018555,-0.032538,1.510742,49.529724,first_return,Backhand,Topspin,deep,ad,deuce,In,Adi Bitton,deep,inside in,far,-1.263275,2.463887,-1.018555,23.802538
Opponent,3,18,4,1,1.986812,2.689968,-1.237305,-1.564309,1.162109,56.158119,serve_plus_one,Backhand,Topspin,deep,deuce,ad,In,Adi Bitton,out,down the line,near,-1.986812,21.080032,-1.237305,-1.564309
Adi Bitton,4,18,4,1,-0.603597,5.614935,2.371094,-0.485663,1.357422,43.068882,return_plus_one,Forehand,Topspin,short,ad,deuce,In,Adi Bitton,deep,down the line,far,-0.603597,5.614935,-2.371094,24.255663
Opponent,5,18,4,1,-4.106701,0.012523,-0.264404,-2.03306,1.111328,50.158401,in_play,Backhand,Topspin,deep,ad,ad,In,Adi Bitton,out,cross court,near,4.106701,23.757477,-0.264404,-2.03306
Adi Bitton,6,18,4,1,-0.852569,5.069304,-3.792969,-2.329413,2.345703,31.683348,in_play,Backhand,Flat,deep,ad,ad,In,Adi Bitton,out,cross court,far,-0.852569,5.069304,3.792969,26.099413
Opponent,7,18,4,1,-0.349121,17.116106,-1.296875,2.006003,1.740234,30.419415,in_play,Backhand,Flat,short,deuce,ad,Net,Opponent,deep,down the line,near,0.349121,6.653894,-1.296875,2.006003
Opponent,1,19,4,1,-4.097569,5.555303,-1.494141,0.459128,2.238281,63.69463,first_serve,Serve,Slice,short,ad,ad,In,Opponent,deep,out wide,near,4.097569,18.214697,-1.494141,0.459128
Adi Bitton,2,19,4,1,-4.772608,1.191837,-5.101562,0.498712,1.609375,49.02507,first_return,Backhand,Flat,deep,ad_alley,ad_alley,Out,Adi Bitton,deep,cross court,far,-4.772608,1.191837,5.101562,23.271288
Opponent,1,20,4,1,1.913412,6.300888,0.932129,0.263816,2.505859,85.306801,first_serve,Serve,Flat,short,deuce,deuce,In,Adi Bitton,deep,down the T,near,-1.913412,17.469112,0.932129,0.263816
Adi Bitton,2,20,4,1,0.282424,1.014859,2.423828,0.295587,1.523438,42.44025,first_return,Backhand,Topspin,deep,deuce,deuce,In,Adi Bitton,deep,inside out,far,0.282424,1.014859,-2.423828,23.474413
Opponent,3,20,4,1,-0.768805,3.54347,0.583496,-1.814309,1.495117,48.441242,serve_plus_one,Backhand,Topspin,deep,ad,deuce,In,Adi Bitton,out,inside in,near,0.768805,20.22653,0.583496,-1.814309
Adi Bitton,4,20,4,1,-3.089246,1.861091,-0.604004,-1.548163,1.279297,48.339222,return_plus_one,Backhand,Topspin,deep,ad,ad,In,Adi Bitton,out,cross court,far,-3.089246,1.861091,0.604004,25.318163
Opponent,5,20,4,1,-2.037622,1.597148,-3.447266,-1.431497,1.814453,46.994499,in_play,Backhand,Topspin,deep,ad,ad,In,Adi Bitton,out,cross court,near,2.037622,22.172852,-3.447266,-1.431497
Adi Bitton,6,20,4,1,2.433223,7.080361,-2.814453,-1.438788,1.894531,32.42429,in_play,Backhand,Topspin,short,deuce,ad,In,Adi Bitton,out,down the line,far,2.433223,7.080361,2.814453,25.208788
Opponent,7,20,4,1,3.377289,-2.234377,1.515625,-0.673684,1.875,60.49374,in_play,Forehand,Flat,out,deuce,deuce,Out,Opponent,out,cross court,near,-3.377289,26.004377,1.515625,-0.673684
Opponent,1,21,4,1,0.525391,17.941788,-1.574219,-0.001809,2.259766,42.41209,first_serve,Serve,Slice,short,ad,ad,Net,Opponent,deep,down the T,near,-0.525391,5.828212,-1.574219,-0.001809
Opponent,1,21,4,1,-2.034534,5.964017,-1.298828,-0.197122,2.279297,59.801994,second_serve,Serve,Slice,short,ad,ad,In,Opponent,deep,down the T,near,2.034534,17.805983,-1.298828,-0.197122
Adi Bitton,2,21,4,1,2.174076,0.484231,-3.158203,0.717462,1.438477,54.982765,second_return,Forehand,Topspin,deep,deuce,ad,In,Opponent,deep,inside in,far,2.174076,0.484231,3.158203,23.052538
Opponent,3,21,4,1,0.558105,5.816875,2.189453,-2.47056,1.143555,34.955444,serve_plus_one,Forehand,Slice,short,deuce,deuce,In,Opponent,out,cross court,near,-0.558105,17.953125,2.189453,-2.47056
Adi Bitton,4,21,4,1,-0.945801,12.507812,0.558105,4.608087,2.144531,19.052607,return_plus_one,Volley,Flat,short,deuce,deuce,Net,Adi Bitton,short,cross court,far,-0.945801,12.507812,-0.558105,19.161913
Opponent,1,22,4,1,3.063662,7.385614,0.364258,1.349753,2.128906,75.507011,first_serve,Serve,Flat,short,deuce,deuce,In,Adi Bitton,deep,out wide,near,-3.063662,16.384386,0.364258,1.349753
Adi Bitton,2,22,4,1,-3.135454,5.999501,4.589844,-0.751288,1.219727,44.898979,first_return,Forehand,Flat,short,ad,deuce_alley,In,Adi Bitton,deep,down the line,far,-3.135454,5.999501,-4.589844,24.521288
Opponent,3,22,4,1,-1.097429,8.371998,-2.550781,-0.634622,0.770996,47.854847,serve_plus_one,Backhand,Topspin,short,ad,ad,In,Adi Bitton,out,cross court,near,1.097429,15.398002,-2.550781,-0.634622
Adi Bitton,4,22,4,1,1.529939,4.932355,-2.4375,0.061212,0.765625,37.402916,return_plus_one,Backhand,Slice,deep,deuce,ad,In,Adi Bitton,deep,down the line,far,1.529939,4.932355,2.4375,23.708788
Opponent,5,22,4,1,-2.484375,6.52,1.296875,0.498191,0.533203,39.100819,in_play,Forehand,Slice,short,ad,deuce,In,Adi Bitton,deep,down the line,near,2.484375,17.25,1.296875,0.498191
Adi Bitton,6,22,4,1,0.899946,7.103496,-2.6875,0.779962,0.513184,30.179604,in_play,Backhand,Slice,short,deuce,ad,In,Adi Bitton,deep,down the line,far,0.899946,7.103496,2.6875,22.990038
Opponent,7,22,4,1,2.070312,18.121374,0.395996,5.18569,0.42749,21.92812,in_play,Backhand,Slice,short,ad,deuce,Net,Adi Bitton,short,inside in,near,-2.070312,5.648626,0.395996,5.18569
Opponent,1,23,4,1,-3.154411,7.80511,-1.554688,-0.314309,2.396484,68.37252,first_serve,Serve,Slice,short,ad,ad,In,Adi Bitton,deep,out wide,near,3.154411,15.96489,-1.554688,-0.314309
Adi Bitton,2,23,4,1,-1.461307,7.390355,-4.726562,0.154962,1.200195,51.274639,first_return,Backhand,Flat,short,ad,ad_alley,In,Adi Bitton,deep,down the line,far,-1.461307,7.390355,4.726562,23.615038
Opponent,3,23,4,1,2.958984,17.927636,-3.714844,-0.353372,0.668457,36.623661,serve_plus_one,Backhand,Topspin,short,ad,ad,Net,Opponent,deep,cross court,near,-2.958984,5.842364,-3.714844,-0.353372
Adi Bitton,1,24,5,1,2.954247,6.795357,1.520508,-0.016913,2.345703,62.408936,first_serve,Serve,Kick,short,deuce,deuce,In,Opponent,deep,out wide,far,2.954247,6.795357,-1.520508,23.786913
Opponent,2,24,5,1,2.869203,2.101501,4.570312,0.006003,0.939941,48.321331,first_return,Forehand,Topspin,deep,deuce,deuce_alley,In,Opponent,deep,down the line,near,-2.869203,21.668499,4.570312,0.006003
Adi Bitton,3,24,5,1,3.318359,-0.34375,3.398438,-0.985663,1.613281,36.912365,serve_plus_one,Forehand,Topspin,out,deuce,deuce,Out,Adi Bitton,deep,cross court,far,3.318359,-0.34375,-3.398438,24.755663
Adi Bitton,1,25,5,1,-1.023674,6.399058,-0.650879,-0.095038,2.443359,69.860313,first_serve,Serve,Slice,short,ad,ad,In,Adi Bitton,deep,down the T,far,-1.023674,6.399058,0.650879,23.865038
Opponent,2,25,5,1,-1.60179,1.458745,-1.036133,-1.572122,1.148438,49.918243,first_return,Forehand,Flat,deep,ad,ad,In,Adi Bitton,out,inside out,near,1.60179,22.311255,-1.036133,-1.572122
Adi Bitton,3,25,5,1,-0.385874,3.346323,-1.463867,-1.251288,1.398438,51.383347,serve_plus_one,Backhand,Flat,deep,ad,ad,In,Adi Bitton,out,cross court,far,-0.385874,3.346323,1.463867,25.021288
Opponent,4,25,5,1,-0.363146,3.564598,-0.589844,-2.43931,1.005859,58.254089,return_plus_one,Backhand,Topspin,deep,ad,ad,In,Adi Bitton,out,cross court,near,0.363146,20.205402,-0.589844,-2.43931
Adi Bitton,5,25,5,1,-1.085669,2.690859,-0.61377,-0.751288,1.357422,63.218204,in_play,Backhand,Topspin,deep,ad,ad,In,Adi Bitton,deep,cross court,far,-1.085669,2.690859,0.61377,24.521288
Opponent,6,25,5,1,2.259701,2.324291,-0.949219,-2.681497,1.044922,59.765511,in_play,Backhand,Flat,deep,deuce,ad,In,Adi Bitton,out,down the line,near,-2.259701,21.445709,-0.949219,-2.681497
Adi Bitton,7,25,5,1,-0.334968,7.464818,2.371094,-0.423163,1.337891,42.825432,in_play,Forehand,Topspin,short,ad,deuce,In,Adi Bitton,deep,down the line,far,-0.334968,7.464818,-2.371094,24.193163
Opponent,8,25,5,1,2.839619,3.006626,0.425781,-0.595559,0.251465,39.553299,in_play,Backhand,Slice,deep,deuce,deuce,In,Adi Bitton,out,inside out,near,-2.839619,20.763374,0.425781,-0.595559
Adi Bitton,9,25,5,1,2.846457,4.500242,3.501953,-1.610663,1.164062,51.604973,in_play,Forehand,Topspin,deep,deuce,deuce,In,Adi Bitton,out,cross court,far,2.846457,4.500242,-3.501953,25.380663
Opponent,10,25,5,1,7.117695,-2.465128,4.140625,-1.533059,1.287109,44.418388,in_play,Forehand,Topspin,out,deuce_out,deuce_alley,Out,Opponent,out,down the line,near,-7.117695,26.235128,4.140625,-1.533059
Adi Bitton,1,26,5,1,3.467987,6.683903,1.487305,-0.251288,2.236328,64.18988,first_serve,Serve,Slice,short,deuce,deuce,In,Opponent,deep,out wide,far,3.467987,6.683903,-1.487305,24.021288
Opponent,2,26,5,1,1.766627,3.781753,5.144531,0.084128,1.049805,47.185268,first_return,Forehand,Topspin,deep,deuce,deuce_alley,In,Opponent,deep,down the line,near,-1.766627,19.988247,5.144531,0.084128
Adi Bitton,3,26,5,1,-1.785826,1.56243,2.556641,0.576837,1.052734,43.323154,serve_plus_one,Forehand,Topspin,deep,ad,deuce,In,Opponent,deep,down the line,far,-1.785826,1.56243,-2.556641,23.193163
Opponent,4,26,5,1,-2.164062,4.73875,-1.236328,-1.884622,1.351562,56.567715,return_plus_one,Backhand,Topspin,deep,ad,ad,In,Opponent,out,cross court,near,2.164062,19.03125,-1.236328,-1.884622
Adi Bitton,5,26,5,1,-2.121094,16.779741,-2.164062,3.529962,0.389404,23.677324,in_play,Volley,Flat,short,deuce,ad,Net,Adi Bitton,deep,down the line,far,-2.121094,16.779741,2.164062,20.240038
Adi Bitton,1,27,5,1,-1.130859,12.335938,-0.523926,-0.016913,2.386719,46.548023,first_serve,Serve,Flat,short,deuce,ad,Net,Adi Bitton,deep,down the T,far,-1.130859,12.335938,0.523926,23.786913
Adi Bitton,1,27,5,1,-1.797039,7.48239,-0.422363,0.373712,2.359375,57.278492,second_serve,Serve,Kick,short,ad,ad,In,Adi Bitton,deep,down the T,far,-1.797039,7.48239,0.422363,23.396288
Opponent,2,27,5,1,-1.234488,3.782087,-2.236328,-0.509622,1.515625,51.599243,second_return,Forehand,Flat,deep,ad,ad,In,Adi Bitton,deep,inside out,near,1.234488,19.987913,-2.236328,-0.509622
Adi Bitton,3,27,5,1,-1.778975,5.887768,-1.680664,-1.063788,1.556641,61.965958,serve_plus_one,Backhand,Topspin,short,ad,ad,In,Adi Bitton,deep,cross court,far,-1.778975,5.887768,1.680664,24.833788
Opponent,4,27,5,1,-0.711634,3.904043,-2.373047,-1.384622,0.790527,32.997337,return_plus_one,Backhand,Slice,deep,ad,ad,In,Adi Bitton,out,cross court,near,0.711634,19.865957,-2.373047,-1.384622
Adi Bitton,5,27,5,1,1.615799,6.759477,-0.942871,-0.423163,1.619141,56.322922,in_play,Forehand,Topspin,short,deuce,ad,In,Opponent,deep,inside in,far,1.615799,6.759477,0.942871,24.193163
Adi Bitton,1,28,5,1,3.663283,7.80097,1.641602,-0.063788,2.353516,63.487747,first_serve,Serve,Slice,short,deuce,deuce,In,Opponent,deep,out wide,far,3.663283,7.80097,-1.641602,23.833788
Opponent,2,28,5,1,2.258575,3.440845,4.707031,1.693503,1.279297,34.491226,first_return,Forehand,Slice,deep,deuce,deuce_alley,In,Opponent,deep,down the line,near,-2.258575,20.329155,4.707031,1.693503
Adi Bitton,3,28,5,1,2.802005,5.133915,2.470703,1.186212,1.349609,56.235508,serve_plus_one,Forehand,Topspin,deep,deuce,deuce,In,Opponent,deep,cross court,far,2.802005,5.133915,-2.470703,22.583788
Opponent,4,28,5,1,-1.950191,4.560987,4.089844,-0.915872,1.091797,33.15778,return_plus_one,Forehand,Topspin,deep,ad,deuce,In,Opponent,out,down the line,near,1.950191,19.209013,4.089844,-0.915872
Adi Bitton,5,28,5,1,2.521484,18.226231,-1.449219,0.811212,1.800781,22.516716,in_play,Overhead,Topspin,short,ad,ad,Net,Opponent,deep,cross court,far,2.521484,18.226231,1.449219,22.958788
Adi Bitton,1,29,5,1,-1.216941,6.786334,-0.269531,1.436212,2.396484,65.946472,first_serve,Serve,Kick,short,ad,ad,In,Opponent,deep,down the T,far,-1.216941,6.786334,0.269531,22.333788
Opponent,2,29,5,1,-1.541932,0.416482,-1.336914,-2.079935,1.133789,52.88707,first_return,Forehand,Flat,deep,ad,ad,In,Opponent,out,inside out,near,1.541932,23.353518,-1.336914,-2.079935
Adi Bitton,3,29,5,1,0.386645,1.099705,-1.568359,-0.407538,1.172852,49.768391,serve_plus_one,Backhand,Flat,deep,deuce,ad,In,Opponent,deep,down the line,far,0.386645,1.099705,1.568359,24.177538
Opponent,4,29,5,1,-1.172081,2.057334,0.469238,-2.18931,0.910645,51.044056,return_plus_one,Forehand,Flat,deep,ad,deuce,In,Opponent,out,down the line,near,1.172081,21.712666,0.469238,-2.18931
Adi Bitton,5,29,5,1,2.855469,12.5625,-1.280273,-0.595038,1.175781,37.003971,in_play,Forehand,Topspin,short,ad,ad,Net,Opponent,deep,inside out,far,2.855469,12.5625,1.280273,24.365038
Opponent,1,30,6,1,0.546687,6.569941,1.371094,-0.610663,2.369141,75.520233,first_serve,Serve,Kick,short,deuce,deuce,In,Opponent,deep,down the T,far,0.546687,6.569941,-1.371094,24.380663
Adi Bitton,2,30,6,1,-1.833847,5.800203,0.618652,-1.861184,1.228516,51.201481,first_return,Backhand,Flat,short,ad,deuce,In,Opponent,out,inside in,near,1.833847,17.969797,0.618652,-1.861184
Opponent,3,30,6,1,-1.499381,1.149604,-2.228516,-0.157538,1.418945,48.259411,serve_plus_one,Backhand,Topspin,deep,ad,ad,In,Opponent,deep,cross court,far,-1.499381,1.149604,2.228516,23.927538
Adi Bitton,4,30,6,1,-1.786913,4.975202,-1.947266,-2.603372,1.361328,48.412849,return_plus_one,Backhand,Topspin,deep,ad,ad,In,Opponent,out,cross court,near,1.786913,18.794798,-1.947266,-2.603372
Opponent,5,30,6,1,-2.812113,4.617393,-2.164062,-0.407538,1.580078,49.213951,in_play,Backhand,Topspin,deep,ad,ad,In,Opponent,deep,cross court,far,-2.812113,4.617393,2.164062,24.177538
Adi Bitton,6,30,6,1,-1.134766,16.395844,-3.673828,-0.603372,1.307617,35.42239,in_play,Backhand,Topspin,short,deuce,ad,Net,Adi Bitton,out,down the line,near,1.134766,7.374156,-3.673828,-0.603372
Opponent,1,31,6,1,-3.930593,4.804177,-1.540039,-0.282538,2.445312,67.477081,first_serve,Serve,Slice,deep,ad,ad,Out,Adi Bitton,deep,out wide,far,-3.930593,4.804177,1.540039,24.052538
Opponent,1,31,6,1,-2.472397,6.764435,-1.125,0.092462,2.408203,55.760456,second_serve,Serve,Kick,short,ad,ad,In,Adi Bitton,deep,out wide,far,-2.472397,6.764435,1.125,23.677538
Adi Bitton,2,31,6,1,0.492626,4.911197,-3.818359,-0.853372,1.322266,63.940731,second_return,Forehand,Topspin,deep,deuce,ad,In,Adi Bitton,out,inside in,near,-0.492626,18.858803,-3.818359,-0.853372
Opponent,3,31,6,1,1.461109,-1.178072,-0.755859,-1.095038,1.231445,52.820335,serve_plus_one,Forehand,Topspin,out,deuce,ad,Out,Opponent,deep,inside in,far,1.461109,-1.178072,0.755859,24.865038
Opponent,1,32,6,1,1.572338,7.345914,0.527832,1.420587,2.171875,68.191078,first_serve,Serve,Slice,short,deuce,deuce,In,Opponent,deep,down the T,far,1.572338,7.345914,-0.527832,22.349413
Adi Bitton,2,32,6,1,-3.198302,2.334131,1.908203,-1.009622,1.226562,49.382053,first_return,Backhand,Flat,deep,ad,deuce,In,Opponent,out,inside in,near,3.198302,21.435869,1.908203,-1.009622
Opponent,3,32,6,1,-1.154788,5.427613,-2.832031,-1.907538,1.501953,42.260216,serve_plus_one,Backhand,Topspin,deep,ad,ad,In,Opponent,out,cross court,far,-1.154788,5.427613,2.832031,25.677538
Adi Bitton,4,32,6,1,1.662381,3.151285,-2.183594,-0.697122,1.583984,52.862854,return_plus_one,Backhand,Flat,deep,deuce,ad,In,Opponent,out,down the line,near,-1.662381,20.618715,-2.183594,-0.697122
Opponent,5,32,6,1,0.189234,2.820123,2.0625,-1.345038,1.21875,56.523285,in_play,Forehand,Topspin,deep,deuce,deuce,In,Opponent,out,cross court,far,0.189234,2.820123,-2.0625,25.115038
Adi Bitton,6,32,6,1,-0.353075,4.333656,0.262207,-1.572122,1.173828,55.953964,in_play,Forehand,Topspin,deep,ad,deuce,In,Opponent,out,down the line,near,0.353075,19.436344,0.262207,-1.572122
Opponent,7,32,6,1,-2.258706,3.016668,0.164795,-0.876288,1.011719,46.365089,in_play,Backhand,Topspin,deep,ad,deuce,In,Opponent,deep,inside in,far,-2.258706,3.016668,-0.164795,24.646288
Adi Bitton,8,32,6,1,-0.666659,0.813232,-2.927734,-1.845559,1.925781,40.178364,in_play,Backhand,Topspin,deep,ad,ad,In,Opponent,out,cross court,near,0.666659,22.956768,-2.927734,-1.845559
Opponent,9,32,6,1,-1.863074,4.632365,-0.717773,-1.751288,1.505859,31.465996,in_play,Backhand,Topspin,deep,ad,ad,In,Opponent,out,cross court,far,-1.863074,4.632365,0.717773,25.521288
Adi Bitton,10,32,6,1,1.496578,4.302843,-3.357422,-0.400247,2.083984,42.14679,in_play,Backhand,Topspin,deep,deuce,ad,In,Opponent,deep,down the line,near,-1.496578,19.467157,-3.357422,-0.400247
Opponent,11,32,6,1,0.924319,4.424491,1.361328,0.061212,1.529297,61.063564,in_play,Forehand,Flat,deep,deuce,deuce,In,Opponent,deep,cross court,far,0.924319,4.424491,-1.361328,23.708788
Adi Bitton,12,32,6,1,0.531003,4.225261,1.332031,-1.267434,1.001953,57.898987,in_play,Forehand,Flat,deep,deuce,deuce,In,Opponent,out,cross court,near,-0.531003,19.544739,1.332031,-1.267434
Opponent,13,32,6,1,-1.225742,4.023284,1.361328,0.061212,0.921875,36.615681,in_play,Forehand,Slice,deep,ad,deuce,In,Opponent,deep,down the line,far,-1.225742,4.023284,-1.361328,23.708788
Adi Bitton,14,32,6,1,-1.845703,16.089668,-1.316406,0.412253,0.905273,32.685032,in_play,Backhand,Topspin,short,deuce,ad,Net,Opponent,deep,down the line,near,1.845703,7.680332,-1.316406,0.412253
Opponent,1,33,6,1,-1.546209,4.999996,-0.715332,0.420587,2.289062,83.083473,first_serve,Serve,Flat,deep,ad,ad,Out,Opponent,deep,down the T,far,-1.546209,4.999996,0.715332,23.349413
Opponent,1,33,6,1,-3.633357,7.437561,-1.039062,0.154962,2.255859,49.659279,second_serve,Serve,Kick,short,ad,ad,In,Opponent,deep,out wide,far,-3.633357,7.437561,1.039062,23.615038
Adi Bitton,2,33,6,1,0.249756,16.680781,-5.1875,-0.970559,1.068359,40.30378,second_return,Backhand,Topspin,short,ad,ad_alley,Net,Adi Bitton,out,down the line,near,-0.249756,7.089219,-5.1875,-0.970559
Opponent,1,34,6,1,0.695801,6.442254,1.302734,-0.688788,2.335938,76.403717,first_serve,Serve,Kick,short,deuce,deuce,In,Adi Bitton,deep,down the T,far,0.695801,6.442254,-1.302734,24.458788
Adi Bitton,2,34,6,1,0.986605,2.973175,0.76416,-2.15806,1.051758,55.24258,first_return,Backhand,Flat,deep,deuce,deuce,In,Adi Bitton,out,inside out,near,-0.986605,20.796825,0.76416,-2.15806
Opponent,3,34,6,1,-1.575016,2.926226,1.920898,-0.423163,1.361328,46.564636,serve_plus_one,Forehand,Flat,deep,ad,deuce,In,Adi Bitton,deep,down the line,far,-1.575016,2.926226,-1.920898,24.193163
Adi Bitton,4,34,6,1,-3.888527,4.130651,-1.300781,-1.900247,1.236328,63.462803,return_plus_one,Backhand,Flat,deep,ad,ad,In,Opponent,out,cross court,near,3.888527,19.639349,-1.300781,-1.900247
Opponent,1,35,6,1,-0.967876,6.751786,-1.236328,0.154962,2.5625,71.782356,first_serve,Serve,Kick,short,ad,ad,In,Opponent,deep,down the T,far,-0.967876,6.751786,1.236328,23.615038
Adi Bitton,2,35,6,1,0.010455,2.397392,-2.421875,-0.681497,1.191406,44.128193,first_return,Forehand,Flat,deep,deuce,ad,In,Opponent,out,inside in,near,-0.010455,21.372608,-2.421875,-0.681497
Opponent,3,35,6,1,2.490446,3.565662,0.520508,-0.516913,1.53125,51.031979,serve_plus_one,Forehand,Topspin,deep,deuce,deuce,In,Opponent,deep,cross court,far,2.490446,3.565662,-0.520508,24.286913
Adi Bitton,4,35,6,1,1.863281,16.327634,2.841797,-1.173684,1.154297,33.32283,return_plus_one,Forehand,Topspin,short,ad,deuce,Net,Adi Bitton,out,down the line,near,-1.863281,7.442366,2.841797,-1.173684
Adi Bitton,1,36,7,1,2.446887,7.56241,1.545898,0.310691,2.271484,65.979813,first_serve,Serve,Slice,short,deuce,deuce,In,Adi Bitton,deep,out wide,near,-2.446887,16.20759,1.545898,0.310691
Opponent,2,36,7,1,-1.699219,12.375,5.640625,-0.188788,0.841309,37.466324,first_return,Forehand,Topspin,short,deuce,deuce_out,Net,Opponent,deep,down the line,far,-1.699219,12.375,-5.640625,23.958788
Adi Bitton,1,37,7,1,-0.309012,4.928558,-0.628418,-0.290872,2.216797,69.114601,first_serve,Serve,Kick,deep,ad,ad,Out,Opponent,deep,down the T,near,0.309012,18.841442,-0.628418,-0.290872
Adi Bitton,1,37,7,1,-1.830419,7.800166,-0.295166,-0.486184,2.074219,63.314407,second_serve,Serve,Kick,short,ad,ad,In,Opponent,deep,down the T,near,1.830419,15.969834,-0.295166,-0.486184
Opponent,2,37,7,1,-1.342792,2.277649,-2.080078,-0.470038,1.232422,52.4356,second_return,Forehand,Flat,deep,ad,ad,In,Opponent,deep,inside out,far,-1.342792,2.277649,2.080078,24.240038
Adi Bitton,3,37,7,1,-1.685203,0.167892,-1.551758,-2.993997,1.418945,55.836693,serve_plus_one,Backhand,Topspin,deep,ad,ad,In,Opponent,out,cross court,near,1.685203,23.602108,-1.551758,-2.993997
Opponent,4,37,7,1,2.404036,4.509591,-1.571289,-0.798163,1.151367,41.353611,return_plus_one,Backhand,Topspin,deep,deuce,ad,In,Opponent,deep,down the line,far,2.404036,4.509591,1.571289,24.568163
Adi Bitton,5,37,7,1,2.544922,5.424915,2.210938,-1.533059,1.441406,58.642147,in_play,Forehand,Topspin,deep,deuce,deuce,In,Opponent,out,cross court,near,-2.544922,18.345085,2.210938,-1.533059
Opponent,6,37,7,1,-3.650849,7.607104,4.429688,-2.345038,0.994141,34.960873,in_play,Forehand,Flat,short,ad,deuce_alley,In,Opponent,out,down the line,far,-3.650849,7.607104,-4.429688,26.115038
Adi Bitton,7,37,7,1,-4.745271,6.414598,-3.371094,0.959128,1.757812,77.81562,in_play,Overhead,Topspin,short,ad_alley,ad,Out,Opponent,deep,---,near,4.745271,17.355402,-3.371094,0.959128
Adi Bitton,1,38,7,1,-1.382812,11.941875,1.744141,0.966941,2.3125,37.147114,first_serve,Serve,Flat,short,deuce,deuce,Net,Opponent,deep,down the T,near,1.382812,11.828125,1.744141,0.966941
Adi Bitton,1,38,7,1,2.530821,4.147478,1.537109,0.974753,2.363281,54.833019,second_serve,Serve,Slice,deep,deuce,deuce,Out,Opponent,deep,down the T,near,-2.530821,19.622522,1.537109,0.974753
Opponent,2,38,7,1,-0.765981,5.804919,3.666016,0.498712,1.15918,37.781761,second_return,Forehand,Topspin,short,ad,deuce,In,Opponent,deep,down the line,far,-0.765981,5.804919,-3.666016,23.271288
Adi Bitton,1,39,7,1,-3.244141,5.400392,0.082336,0.222415,2.164062,49.046185,first_serve,Serve,Kick,deep,ad,ad,Out,Opponent,deep,out wide,near,3.244141,18.369608,0.082336,0.222415
Adi Bitton,1,39,7,1,-2.240574,7.085975,-0.529785,0.006003,2.234375,64.314476,second_serve,Serve,Kick,short,ad,ad,In,Opponent,deep,out wide,near,2.240574,16.684025,-0.529785,0.006003
Opponent,2,39,7,1,-1.377112,4.343982,-2.109375,0.061212,1.375977,59.207809,second_return,Forehand,Flat,deep,ad,ad,In,Opponent,deep,inside out,far,-1.377112,4.343982,2.109375,23.708788
Adi Bitton,3,39,7,1,-5.422022,3.491525,-2.296875,-0.939309,1.105469,52.486698,serve_plus_one,Backhand,Topspin,deep,ad_alley,ad,Out,Opponent,out,down the line,near,5.422022,20.278475,-2.296875,-0.939309
Adi Bitton,1,40,7,1,2.419075,6.195798,1.574219,0.263816,2.484375,67.702888,first_serve,Serve,Flat,short,deuce,deuce,In,Opponent,deep,out wide,near,-2.419075,17.574202,1.574219,0.263816
Opponent,2,40,7,1,0.812394,0.492865,4.429688,-1.048163,1.032227,52.793045,first_return,Forehand,Topspin,deep,deuce,deuce_alley,In,Opponent,deep,down the line,far,0.812394,0.492865,-4.429688,24.818163
Adi Bitton,3,40,7,1,0.077793,7.657943,1.167969,-1.408059,1.224609,47.21389,serve_plus_one,Forehand,Topspin,short,deuce,deuce,In,Opponent,out,cross court,near,-0.077793,16.112057,1.167969,-1.408059
Opponent,4,40,7,1,-1.387379,2.339825,1.15332,-0.563788,0.523926,38.469742,return_plus_one,Forehand,Slice,deep,ad,deuce,In,Opponent,deep,down the line,far,-1.387379,2.339825,-1.15332,24.333788
Adi Bitton,5,40,7,1,2.29326,5.53165,-1.805664,-0.814309,1.033203,57.199326,in_play,Backhand,Flat,short,deuce,ad,In,Opponent,out,down the line,near,-2.29326,18.23835,-1.805664,-0.814309
Opponent,6,40,7,1,-1.388677,0.418124,2.449219,-1.423163,0.910645,35.474266,in_play,Forehand,Slice,deep,ad,deuce,In,Opponent,out,down the line,far,-1.388677,0.418124,-2.449219,25.193163
Adi Bitton,7,40,7,1,-2.58106,4.109787,-1.007812,-1.954934,1.182617,62.940002,in_play,Backhand,Flat,deep,ad,ad,In,Opponent,out,cross court,near,2.58106,19.660213,-1.007812,-1.954934
Opponent,8,40,7,1,-1.592162,4.211551,-3.380859,-1.141913,0.962402,41.715984,in_play,Backhand,Topspin,deep,ad,ad,In,Opponent,deep,cross court,far,-1.592162,4.211551,3.380859,24.911913
Adi Bitton,9,40,7,1,1.750977,17.941788,-2.697266,-1.017434,1.671875,27.496157,in_play,Backhand,Slice,short,ad,ad,Net,Opponent,out,cross court,near,-1.750977,5.828212,-2.697266,-1.017434
Opponent,1,41,8,1,1.769305,5.999696,1.035156,0.138816,2.480469,76.45285,first_serve,Serve,Flat,short,deuce,deuce,In,Opponent,deep,down the T,near,-1.769305,17.770304,1.035156,0.138816
Adi Bitton,2,41,8,1,-1.838362,0.636324,2.316406,0.139337,1.632812,51.674889,first_return,Backhand,Flat,deep,ad,deuce,In,Opponent,deep,inside in,far,-1.838362,0.636324,-2.316406,23.630663
Opponent,3,41,8,1,-0.308159,2.011837,-1.688477,-1.704934,1.103516,44.614525,serve_plus_one,Backhand,Topspin,deep,ad,ad,In,Opponent,out,cross court,near,0.308159,21.758163,-1.688477,-1.704934
Adi Bitton,4,41,8,1,-1.519377,1.551398,-0.406006,-0.048163,1.515625,33.142494,return_plus_one,Backhand,Topspin,deep,ad,ad,In,Opponent,deep,cross court,far,-1.519377,1.551398,0.406006,23.818163
Opponent,5,41,8,1,-0.780603,2.902553,-2.287109,-2.118997,1.857422,36.77697,in_play,Backhand,Topspin,deep,ad,ad,In,Opponent,out,cross court,near,0.780603,20.867447,-2.287109,-2.118997
Adi Bitton,6,41,8,1,-2.250108,8.857057,-0.316895,-0.813788,1.886719,52.688259,in_play,Forehand,Flat,short,ad,ad,In,Opponent,deep,inside out,far,-2.250108,8.857057,0.316895,24.583788
Opponent,7,41,8,1,-1.37099,7.223312,-4.28125,-0.001809,0.600098,48.813431,in_play,Backhand,Flat,short,ad,ad_alley,In,Opponent,deep,down the line,near,1.37099,16.546688,-4.28125,-0.001809
Adi Bitton,8,41,8,1,-0.028299,3.868562,-1.619141,5.295587,1.176758,56.907589,in_play,Backhand,Slice,deep,ad,ad,In,Opponent,short,cross court,far,-0.028299,3.868562,1.619141,18.474413
Opponent,9,41,8,1,-2.556641,7.02,-0.266357,1.537253,1.133789,63.392838,in_play,Forehand,Topspin,short,ad,ad,In,Opponent,deep,inside out,near,2.556641,16.75,-0.266357,1.537253
Adi Bitton,10,41,8,1,4.838296,15.323325,-2.556641,5.811212,2.232422,23.585333,in_play,Volley,Slice,short,ad_alley,ad,Net,Opponent,short,down the line,far,4.838296,15.323325,2.556641,17.958788
Opponent,1,42,8,1,-2.65133,6.903518,-1.150391,0.888816,2.265625,62.674744,first_serve,Serve,Slice,short,ad,ad,In,Opponent,deep,out wide,near,2.65133,16.866482,-1.150391,0.888816
Adi Bitton,2,42,8,1,-0.754604,5.422188,-3.542969,-0.251288,1.166016,41.576965,first_return,Backhand,Topspin,deep,ad,ad,In,Opponent,deep,cross court,far,-0.754604,5.422188,3.542969,24.021288
Opponent,3,42,8,1,2.38563,2.46816,-2.419922,-0.775247,0.923828,54.955551,serve_plus_one,Backhand,Topspin,deep,deuce,ad,In,Opponent,out,down the line,near,-2.38563,21.30184,-2.419922,-0.775247
Adi Bitton,4,42,8,1,4.119462,-0.078645,2.4375,-1.407538,1.303711,57.530415,return_plus_one,Forehand,Topspin,out,deuce_alley,deuce,Out,Adi Bitton,out,down the line,far,4.119462,-0.078645,-2.4375,25.177538
Opponent,1,43,8,1,4.159159,5.494045,0.556152,0.310691,2.390625,90.661507,first_serve,Serve,Flat,short,deuce_alley,deuce,Out,Adi Bitton,deep,out wide,near,-4.159159,18.275955,0.556152,0.310691
Opponent,1,44,8,1,-0.544922,9.340312,-0.572754,0.103111,2.126953,70.26664,first_serve,Serve,Flat,short,ad,ad,In,Adi Bitton,deep,down the T,near,0.544922,14.429688,-0.572754,0.103111
Opponent,1,44,8,1,-2.462042,6.606567,-1.435547,0.006003,2.308594,60.309849,second_serve,Serve,Slice,short,ad,ad,In,Adi Bitton,deep,out wide,near,2.462042,17.163433,-1.435547,0.006003
Adi Bitton,2,44,8,1,-2.739552,4.675868,-3.859375,0.342462,1.448242,56.156384,second_return,Backhand,Flat,deep,ad,ad,In,Adi Bitton,deep,cross court,far,-2.739552,4.675868,3.859375,23.427538
Opponent,3,44,8,1,0.332498,0.017389,-4.339844,-0.868997,1.185547,56.881409,serve_plus_one,Backhand,Topspin,deep,deuce,ad_alley,In,Adi Bitton,out,down the line,near,-0.332498,23.752611,-4.339844,-0.868997
Adi Bitton,4,44,8,1,3.299071,3.131372,0.393066,0.248712,0.649902,39.189938,return_plus_one,Forehand,Topspin,deep,deuce,deuce,In,Adi Bitton,deep,cross court,far,3.299071,3.131372,-0.393066,23.521288
Opponent,5,44,8,1,-1.489479,0.410003,3.275391,-0.626809,1.182617,37.402576,in_play,Forehand,Topspin,deep,ad,deuce,In,Adi Bitton,out,down the line,near,1.489479,23.359997,3.275391,-0.626809
Adi Bitton,6,44,8,1,2.117048,7.982081,-0.941406,1.076837,2.214844,50.03215,in_play,Forehand,Flat,short,deuce,ad,In,Adi Bitton,deep,inside in,far,2.117048,7.982081,0.941406,22.693163
Opponent,7,44,8,1,-3.33024,0.832998,2.080078,-2.306497,0.624023,38.611031,in_play,Forehand,Slice,deep,ad,deuce,In,Adi Bitton,out,down the line,near,3.33024,22.937002,2.080078,-2.306497
Adi Bitton,8,44,8,1,3.520928,4.444607,-3.380859,-0.563788,1.351562,61.17543,in_play,Backhand,Flat,deep,deuce,ad,In,Adi Bitton,deep,down the line,far,3.520928,4.444607,3.380859,24.333788
Opponent,1,45,8,1,0.491455,8.879375,0.430664,0.732566,2.191406,67.289879,first_serve,Serve,Flat,short,deuce,deuce,In,Adi Bitton,deep,down the T,near,-0.491455,14.890625,0.430664,0.732566
Adi Bitton,2,45,8,1,-3.34375,10.289062,1.569336,-0.813788,0.924805,31.324965,first_return,Backhand,Slice,short,ad,deuce,In,Opponent,deep,inside in,far,-3.34375,10.289062,-1.569336,24.583788
Adi Bitton,1,46,9,1,3.53636,6.801228,1.671875,0.420587,2.191406,61.770954,first_serve,Serve,Slice,short,deuce,deuce,In,Opponent,deep,out wide,far,3.53636,6.801228,-1.671875,23.349413
Opponent,2,46,9,1,0.29808,-0.000628,4.773438,-0.165872,1.179688,52.79821,first_return,Forehand,Topspin,deep,deuce,deuce_alley,In,Opponent,deep,down the line,near,-0.29808,23.770628,4.773438,-0.165872
Adi Bitton,3,46,9,1,-0.748629,-1.579945,0.620605,0.842462,0.996094,46.414978,serve_plus_one,Backhand,Flat,out,ad,deuce,Out,Opponent,deep,inside in,far,-0.748629,-1.579945,-0.620605,22.927538
Adi Bitton,1,47,9,1,-0.819062,7.317843,-0.412598,0.561212,2.345703,63.504326,first_serve,Serve,Slice,short,ad,ad,In,Opponent,deep,down the T,far,-0.819062,7.317843,0.412598,23.208788
Opponent,2,47,9,1,-1.292714,3.207441,-1.042969,-2.00181,1.310547,58.105919,first_return,Forehand,Flat,deep,ad,ad,In,Opponent,out,inside out,near,1.292714,20.562559,-1.042969,-2.00181
Adi Bitton,3,47,9,1,-3.556902,-1.023948,-1.441406,-0.220038,1.011719,54.763763,serve_plus_one,Backhand,Topspin,out,ad,ad,Out,Opponent,deep,cross court,far,-3.556902,-1.023948,1.441406,23.990038
Adi Bitton,1,48,9,1,2.142167,7.856734,1.686523,-0.407538,2.318359,81.079613,first_serve,Serve,Slice,short,deuce,deuce,In,Opponent,deep,out wide,far,2.142167,7.856734,-1.686523,24.177538
Opponent,2,48,9,1,-1.564497,0.709791,3.976562,0.537253,1.327148,50.457592,first_return,Forehand,Topspin,deep,ad,deuce,In,Opponent,deep,down the line,near,1.564497,23.060209,3.976562,0.537253
Adi Bitton,3,48,9,1,-2.376599,6.112546,-1.135742,-0.282538,1.376953,47.972042,serve_plus_one,Backhand,Topspin,short,ad,ad,In,Opponent,deep,cross court,far,-2.376599,6.112546,1.135742,24.052538
Opponent,4,48,9,1,-2.317006,5.49802,-3.451172,-1.017434,0.705078,41.603664,return_plus_one,Backhand,Flat,short,ad,ad,In,Opponent,out,cross court,near,2.317006,18.27198,-3.451172,-1.017434
Adi Bitton,5,48,9,1,2.114714,2.321676,-3.625,0.436212,1.521484,62.106453,in_play,Backhand,Flat,deep,deuce,ad,In,Opponent,deep,down the line,far,2.114714,2.321676,3.625,23.333788
Opponent,6,48,9,1,1.426672,3.263162,1.743164,-2.861185,1.057617,36.417957,in_play,Forehand,Slice,deep,deuce,deuce,In,Opponent,out,cross court,near,-1.426672,20.506838,1.743164,-2.861185
Adi Bitton,7,48,9,1,-2.566108,5.149859,2.220703,0.873712,1.566406,66.511024,in_play,Forehand,Topspin,deep,ad,deuce,In,Opponent,deep,down the line,far,-2.566108,5.149859,-2.220703,22.896288
Opponent,8,48,9,1,-3.437934,8.20263,-2.492188,-1.423684,1.255859,41.186737,in_play,Backhand,Topspin,short,ad,ad,In,Opponent,out,cross court,near,3.437934,15.56737,-2.492188,-1.423684
Adi Bitton,9,48,9,1,-2.141827,5.559703,-3.638672,3.342462,2.103516,27.055992,in_play,Backhand,Slice,short,ad,ad,In,Opponent,deep,cross court,far,-2.141827,5.559703,3.638672,20.427538
Opponent,10,48,9,1,2.315254,2.546867,-3.21875,6.388815,1.605469,67.74073,in_play,Backhand,Topspin,deep,deuce,ad,In,Adi Bitton,short,down the line,near,-2.315254,21.223133,-3.21875,6.388815
Adi Bitton,1,49,9,1,-2.661669,4.672597,-0.482178,-0.063788,2.326172,72.930367,first_serve,Serve,Flat,deep,ad,ad,Out,Adi Bitton,deep,out wide,far,-2.661669,4.672597,0.482178,23.833788
Adi Bitton,1,49,9,1,-0.233615,6.611259,-0.318359,0.498712,2.34375,66.385994,second_serve,Serve,Kick,short,ad,ad,In,Adi Bitton,deep,down the T,far,-0.233615,6.611259,0.318359,23.271288
Adi Bitton,1,50,9,1,3.601463,7.666468,1.414062,0.061212,2.322266,63.015003,first_serve,Serve,Slice,short,deuce,deuce,In,Adi Bitton,deep,out wide,far,3.601463,7.666468,-1.414062,23.708788
Opponent,2,50,9,1,-1.221448,1.892623,4.5,2.021628,1.244141,39.952274,first_return,Forehand,Topspin,deep,ad,deuce_alley,In,Adi Bitton,deep,down the line,near,1.221448,21.877377,4.5,2.021628
Adi Bitton,3,50,9,1,-2.411401,6.100389,-0.564453,0.529962,1.074219,53.665619,serve_plus_one,Backhand,Topspin,short,ad,ad,In,Adi Bitton,deep,cross court,far,-2.411401,6.100389,0.564453,23.240038
Adi Bitton,1,51,9,1,-1.141256,7.225311,-0.565918,-0.313788,2.222656,76.450684,first_serve,Serve,Flat,short,ad,ad,In,Adi Bitton,deep,down the T,far,-1.141256,7.225311,0.565918,24.083788
Opponent,2,51,9,1,-2.659289,0.0093,-1.908203,-1.954934,1.209961,55.309433,first_return,Forehand,Flat,deep,ad,ad,In,Adi Bitton,out,inside out,near,2.659289,23.7607,-1.908203,-1.954934
Adi Bitton,3,51,9,1,-2.984381,5.485182,-2.712891,-0.407538,1.300781,32.250286,serve_plus_one,Backhand,Flat,deep,ad,ad,In,Opponent,deep,cross court,far,-2.984381,5.485182,2.712891,24.177538
Adi Bitton,1,52,9,1,-0.031079,5.799499,-0.515625,-0.501288,2.435547,73.327171,first_serve,Serve,Slice,short,ad,ad,In,Opponent,deep,down the T,far,-0.031079,5.799499,0.515625,24.271288
Adi Bitton,1,52,9,1,-0.894983,5.464611,-0.398682,0.186212,2.361328,55.930504,second_serve,Serve,Kick,deep,ad,ad,Out,Opponent,deep,down the T,far,-0.894983,5.464611,0.398682,23.583788
Opponent,2,52,9,1,-2.474339,2.204591,-0.837891,-1.993997,1.313477,45.911629,second_return,Forehand,Flat,deep,ad,ad,In,Adi Bitton,out,inside out,near,2.474339,21.565409,-0.837891,-1.993997
Opponent,1,53,10,2,0.943038,5.213241,0.894531,0.373712,2.308594,72.713661,first_serve,Serve,Slice,deep,deuce,deuce,Out,Adi Bitton,deep,down the T,far,0.943038,5.213241,-0.894531,23.396288
Opponent,1,53,10,2,1.407586,9.384717,1.074219,0.092462,2.279297,51.621307,second_serve,Serve,Kick,short,deuce,deuce,In,Adi Bitton,deep,down the T,far,1.407586,9.384717,-1.074219,23.677538
Adi Bitton,2,53,10,2,0.727221,6.843412,2.660156,-0.290872,1.164062,52.756756,second_return,Forehand,Topspin,short,deuce,deuce,In,Adi Bitton,deep,cross court,near,-0.727221,16.926588,2.660156,-0.290872
Opponent,3,53,10,2,2.711353,5.111758,2.832031,-1.407538,0.989258,47.798813,serve_plus_one,Forehand,Topspin,deep,deuce,deuce,In,Adi Bitton,out,cross court,far,2.711353,5.111758,-2.832031,25.177538
Adi Bitton,4,53,10,2,3.830315,3.112968,3.677734,-0.853372,1.386719,56.404869,return_plus_one,Forehand,Topspin,deep,deuce,deuce,In,Adi Bitton,out,cross court,near,-3.830315,20.657032,3.677734,-0.853372
Opponent,5,53,10,2,2.225147,7.735707,4.929688,-1.266913,1.082031,31.588398,in_play,Forehand,Flat,short,deuce,deuce_alley,In,Adi Bitton,out,down the line,far,2.225147,7.735707,-4.929688,25.036913
Adi Bitton,6,53,10,2,-2.708044,1.234613,2.328125,8.373191,1.863281,71.707085,in_play,Forehand,Topspin,deep,ad,deuce,In,Adi Bitton,short,down the line,near,2.708044,22.535387,2.328125,8.373191
Opponent,7,53,10,2,-5.197567,3.440545,-1.759766,-1.220038,1.730469,32.612167,in_play,Backhand,Topspin,deep,ad_alley,ad,Out,Adi Bitton,out,down the line,far,-5.197567,3.440545,1.759766,24.990038
Adi Bitton,8,53,10,2,0.855469,5.022394,-3.744141,-0.212747,2.732422,38.012379,in_play,Backhand,Slice,deep,deuce,ad,In,Adi Bitton,deep,down the line,near,-0.855469,18.747606,-3.744141,-0.212747
Opponent,1,54,10,2,-2.956648,6.811791,-1.168945,0.092462,2.398438,78.355743,first_serve,Serve,Slice,short,ad,ad,In,Adi Bitton,deep,out wide,far,-2.956648,6.811791,1.168945,23.677538
Adi Bitton,2,54,10,2,0.049515,0.328376,-4.539062,-0.876809,1.242188,66.785561,first_return,Backhand,Topspin,deep,deuce,ad_alley,In,Adi Bitton,out,down the line,near,-0.049515,23.441624,-4.539062,-0.876809
Opponent,3,54,10,2,-3.439263,-1.305464,-0.229736,-0.048163,0.535156,51.81818,serve_plus_one,Forehand,Flat,out,ad,ad,Out,Adi Bitton,deep,inside out,far,-3.439263,-1.305464,0.229736,23.818163
Opponent,1,55,10,2,0.23752,8.344647,1.139648,-0.532538,2.310547,72.334694,first_serve,Serve,Slice,short,deuce,deuce,In,Adi Bitton,deep,down the T,far,0.23752,8.344647,-1.139648,24.302538
Adi Bitton,2,55,10,2,-0.632997,2.433126,-0.096863,-2.236185,1.142578,56.502029,first_return,Backhand,Flat,deep,ad,ad,In,Adi Bitton,out,cross court,near,0.632997,21.336874,-0.096863,-2.236185
Opponent,3,55,10,2,-2.193583,4.624308,-0.771484,-0.376288,1.410156,48.243114,serve_plus_one,Backhand,Topspin,deep,ad,ad,In,Adi Bitton,deep,cross court,far,-2.193583,4.624308,0.771484,24.146288
Adi Bitton,4,55,10,2,-1.824267,5.492977,-2.556641,-1.415872,1.211914,64.375328,return_plus_one,Backhand,Topspin,short,ad,ad,In,Adi Bitton,out,cross court,near,1.824267,18.277023,-2.556641,-1.415872
Opponent,5,55,10,2,-1.246247,6.131359,-3.396484,-1.126288,0.854492,54.815308,in_play,Backhand,Topspin,short,ad,ad,In,Adi Bitton,deep,cross court,far,-1.246247,6.131359,3.396484,24.896288
Adi Bitton,6,55,10,2,0.314358,3.063541,-2.5625,-0.134622,1.196289,35.375187,in_play,Backhand,Slice,deep,deuce,ad,In,Adi Bitton,deep,down the line,near,-0.314358,20.706459,-2.5625,-0.134622
Opponent,7,55,10,2,-2.117188,12.109375,1.487305,0.029962,1.076172,35.397884,in_play,Forehand,Topspin,short,deuce,deuce,Net,Opponent,deep,cross court,far,-2.117188,12.109375,-1.487305,23.740038
Opponent,1,56,10,2,-3.652556,7.15263,-1.371094,-0.157538,2.419922,62.19931,first_serve,Serve,Slice,short,ad,ad,In,Opponent,deep,out wide,far,-3.652556,7.15263,1.371094,23.927538
Adi Bitton,2,56,10,2,2.732899,3.544181,-5.101562,0.318503,1.249023,56.519558,first_return,Backhand,Topspin,deep,deuce,ad_alley,In,Opponent,deep,down the line,near,-2.732899,20.225819,-5.101562,0.318503
Opponent,3,56,10,2,0.910945,5.238424,1.486328,-0.954413,1.355469,38.559944,serve_plus_one,Forehand,Slice,deep,deuce,deuce,In,Opponent,deep,cross court,far,0.910945,5.238424,-1.486328,24.724413
Adi Bitton,4,56,10,2,3.223683,3.422147,1.536133,1.138816,1.044922,36.290718,return_plus_one,Forehand,Slice,deep,deuce,deuce,In,Opponent,deep,cross court,near,-3.223683,20.347853,1.536133,1.138816
Opponent,5,56,10,2,0.527832,8.789062,4.054688,-1.891913,1.115234,50.956329,in_play,Forehand,Flat,short,deuce,deuce,In,Opponent,out,cross court,far,0.527832,8.789062,-4.054688,25.661913
Adi Bitton,6,56,10,2,-0.527317,1.966669,0.527832,8.263816,0.912109,18.186579,in_play,Volley,Flat,deep,ad,deuce,In,Opponent,short,down the line,near,0.527317,21.803331,0.527832,8.263816
Opponent,7,56,10,2,-2.962626,0.673458,-0.628418,1.529962,1.558594,32.375259,in_play,Backhand,Flat,deep,ad,ad,In,Opponent,deep,cross court,far,-2.962626,0.673458,0.628418,22.240038
Adi Bitton,8,56,10,2,-1.191225,8.136282,-1.220703,4.877097,2.564453,26.920269,in_play,Backhand,Topspin,short,ad,ad,In,Opponent,deep,cross court,near,1.191225,15.633718,-1.220703,4.877097
Opponent,9,56,10,2,-0.107768,9.07918,-1.44043,5.561212,2.111328,50.674412,in_play,Backhand,Slice,short,ad,ad,In,Opponent,short,cross court,far,-0.107768,9.07918,1.44043,18.208788
Opponent,1,57,10,2,3.12233,5.835792,1.271484,-0.610663,2.160156,80.500252,first_serve,Serve,Flat,short,deuce,deuce,In,Opponent,deep,out wide,far,3.12233,5.835792,-1.271484,24.380663
Adi Bitton,2,57,10,2,-2.719206,0.526319,3.544922,-0.423684,1.176758,41.502922,first_return,Forehand,Slice,deep,ad,deuce,In,Opponent,deep,down the line,near,2.719206,23.243681,3.544922,-0.423684
Opponent,3,57,10,2,-0.874414,0.856355,-2.554688,-0.751288,1.121094,42.128876,serve_plus_one,Backhand,Topspin,deep,ad,ad,In,Opponent,deep,cross court,far,-0.874414,0.856355,2.554688,24.521288
Adi Bitton,4,57,10,2,1.429582,5.498621,-1.077148,-2.697122,1.554688,53.821033,return_plus_one,Forehand,Topspin,short,deuce,ad,In,Opponent,out,inside in,near,-1.429582,18.271379,-1.077148,-2.697122
Opponent,5,57,10,2,2.950995,4.462955,1.908203,-0.251288,1.029297,54.863285,in_play,Forehand,Topspin,deep,deuce,deuce,In,Opponent,deep,cross court,far,2.950995,4.462955,-1.908203,24.021288
Adi Bitton,6,57,10,2,-0.811035,12.074688,3.888672,-0.939309,1.121094,32.228123,in_play,Forehand,Topspin,short,deuce,deuce,Net,Opponent,out,cross court,near,0.811035,11.695312,3.888672,-0.939309
Opponent,1,58,10,2,-0.74208,5.989794,-0.756836,0.186212,2.308594,79.658707,first_serve,Serve,Flat,short,ad,ad,In,Opponent,deep,down the T,far,-0.74208,5.989794,0.756836,23.583788
Adi Bitton,2,58,10,2,-2.497288,4.289167,-1.830078,-1.212747,1.107422,34.176472,first_return,Forehand,Slice,deep,ad,ad,In,Opponent,out,inside out,near,2.497288,19.480833,-1.830078,-1.212747
Opponent,3,58,10,2,-1.942254,4.767686,-2.859375,1.311212,1.25,65.291611,serve_plus_one,Backhand,Topspin,deep,ad,ad,In,Opponent,deep,cross court,far,-1.942254,4.767686,2.859375,22.458788
Adi Bitton,4,58,10,2,4.838296,11.9575,-3.433594,-1.658059,1.032227,36.066162,return_plus_one,Backhand,Topspin,short,ad_alley,ad,Net,Opponent,out,down the line,near,-4.838296,11.8125,-3.433594,-1.658059
Opponent,1,59,10,2,1.492669,6.877397,1.319336,-0.376288,2.378906,84.30735,first_serve,Serve,Flat,short,deuce,deuce,In,Opponent,deep,down the T,far,1.492669,6.877397,-1.319336,24.146288
Adi Bitton,2,59,10,2,-3.499195,0.010442,2.136719,-1.642434,1.09668,44.201683,first_return,Backhand,Flat,deep,ad,deuce,In,Opponent,out,inside in,near,3.499195,23.759558,2.136719,-1.642434
Opponent,3,59,10,2,-0.368708,0.870389,-2.78125,-1.407538,1.857422,34.573658,serve_plus_one,Backhand,Topspin,deep,ad,ad,In,Opponent,out,cross court,far,-0.368708,0.870389,2.78125,25.177538
Adi Bitton,4,59,10,2,1.172143,5.515758,-1.533203,-3.34556,3.277344,43.920254,return_plus_one,Forehand,Topspin,short,deuce,ad,In,Opponent,out,inside in,near,-1.172143,18.254242,-1.533203,-3.34556
Opponent,5,59,10,2,3.005859,-0.0137,1.69043,0.186212,1.447266,70.830353,in_play,Forehand,Flat,out,deuce,deuce,Out,Opponent,deep,cross court,far,3.005859,-0.0137,-1.69043,23.583788
Adi Bitton,6,59,10,2,-2.96875,16.684062,3.158203,-1.923684,0.835938,63.280273,in_play,Forehand,Topspin,short,deuce,deuce,Net,Opponent,out,cross court,near,2.96875,7.085938,3.158203,-1.923684
Adi Bitton,1,60,11,2,1.110352,12.539062,1.567383,0.373712,2.367188,39.320972,first_serve,Serve,Flat,short,ad,deuce,Net,Opponent,deep,down the T,far,1.110352,12.539062,-1.567383,23.396288
Adi Bitton,1,60,11,2,3.382097,7.510824,1.552734,-0.251288,2.380859,64.600067,second_serve,Serve,Slice,short,deuce,deuce,In,Opponent,deep,out wide,far,3.382097,7.510824,-1.552734,24.021288
Opponent,2,60,11,2,-1.547831,6.347742,4.8125,0.162253,1.318359,46.270947,second_return,Forehand,Topspin,short,ad,deuce_alley,In,Opponent,deep,down the line,near,1.547831,17.422258,4.8125,0.162253
Adi Bitton,3,60,11,2,-2.640625,18.102011,0.884277,2.279962,1.431641,23.668877,serve_plus_one,Forehand,Slice,short,deuce,deuce,Net,Opponent,deep,cross court,far,-2.640625,18.102011,-0.884277,21.490038
Adi Bitton,1,61,11,2,-4.278759,7.893644,-0.486084,0.186212,2.394531,30.420082,first_serve,Serve,Flat,short,ad_alley,ad,Out,Opponent,deep,out wide,far,-4.278759,7.893644,0.486084,23.583788
Adi Bitton,1,61,11,2,-1.175781,12.375,-0.460693,0.170587,2.332031,31.736013,second_serve,Serve,Kick,short,deuce,ad,Net,Opponent,deep,down the T,far,-1.175781,12.375,0.460693,23.599413
Adi Bitton,1,62,11,2,4.113427,7.271795,1.4375,0.186212,2.263672,58.303791,first_serve,Serve,Slice,short,deuce,deuce,In,Opponent,deep,out wide,far,4.113427,7.271795,-1.4375,23.583788
Opponent,2,62,11,2,2.59375,5.55125,4.226562,2.52944,1.880859,29.498041,first_return,Forehand,Topspin,short,deuce,deuce_alley,In,Opponent,deep,down the line,near,-2.59375,18.21875,4.226562,2.52944
Adi Bitton,3,62,11,2,-1.198947,8.100638,2.59375,4.342462,1.327148,69.935791,serve_plus_one,Overhead,Flat,short,ad,deuce,In,Opponent,short,---,far,-1.198947,8.100638,-2.59375,19.427538
Opponent,4,62,11,2,-2.964235,0.37272,0.006893,-1.306497,0.589355,46.148518,return_plus_one,Backhand,Flat,deep,ad,center_line,In,Adi Bitton,out,down the line,near,2.964235,23.39728,0.006893,-1.306497
Adi Bitton,1,63,11,2,-3.442564,5.703974,-0.504395,-0.345038,2.345703,90.967247,first_serve,Serve,Flat,short,ad,ad,In,Adi Bitton,deep,out wide,far,-3.442564,5.703974,0.504395,24.115038
Opponent,2,63,11,2,2.577357,2.993305,-4.730469,-0.822122,0.977051,54.861752,first_return,Backhand,Topspin,deep,deuce,ad_alley,In,Adi Bitton,out,down the line,near,-2.577357,20.776695,-4.730469,-0.822122
Adi Bitton,3,63,11,2,2.340056,1.348155,2.220703,-0.688788,1.177734,59.356155,serve_plus_one,Forehand,Topspin,deep,deuce,deuce,In,Adi Bitton,deep,cross court,far,2.340056,1.348155,-2.220703,24.458788
Opponent,4,63,11,2,-2.9375,17.941788,2.974609,-2.447122,1.167969,28.719839,return_plus_one,Forehand,Slice,short,deuce,deuce,Net,Adi Bitton,out,cross court,near,2.9375,5.828212,2.974609,-2.447122
Adi Bitton,1,64,11,2,4.331635,7.284451,1.537109,-0.063788,2.355469,62.519272,first_serve,Serve,Slice,short,deuce_alley,deuce,Out,Adi Bitton,deep,out wide,far,4.331635,7.284451,-1.537109,23.833788
Adi Bitton,1,64,11,2,1.625631,8.191914,1.487305,-0.032538,2.332031,53.784943,second_serve,Serve,Slice,short,deuce,deuce,In,Adi Bitton,deep,down the T,far,1.625631,8.191914,-1.487305,23.802538
Opponent,2,64,11,2,2.216221,2.066591,3.490234,-0.400247,1.115234,50.095215,second_return,Forehand,Topspin,deep,deuce,deuce,In,Adi Bitton,deep,cross court,near,-2.216221,21.703409,3.490234,-0.400247
Adi Bitton,3,64,11,2,4.088824,2.659149,3.253906,-1.048163,1.705078,53.108131,serve_plus_one,Forehand,Topspin,deep,deuce,deuce,In,Adi Bitton,deep,cross court,far,4.088824,2.659149,-3.253906,24.818163
Opponent,4,64,11,2,-2.357422,16.729178,3.533203,8.513816,3.097656,13.794386,return_plus_one,Forehand,Topspin,short,deuce,deuce,Net,Opponent,short,cross court,near,2.357422,7.040822,3.533203,8.513816
Adi Bitton,1,65,11,2,-0.584668,4.427354,-0.32959,0.217462,2.441406,61.555473,first_serve,Serve,Kick,deep,ad,ad,Out,Opponent,deep,down the T,far,-0.584668,4.427354,0.32959,23.552538
Adi Bitton,1,65,11,2,-1.843649,7.988235,-0.446533,0.717462,2.369141,51.640388,second_serve,Serve,Kick,short,ad,ad,In,Opponent,deep,down the T,far,-1.843649,7.988235,0.446533,23.052538
Opponent,2,65,11,2,1.53875,0.001171,-2.207031,-0.790872,1.511719,60.597881,second_return,Forehand,Flat,deep,deuce,ad,In,Opponent,out,inside in,near,-1.53875,23.768829,-2.207031,-0.790872
Adi Bitton,3,65,11,2,-3.148154,4.754905,2.089844,-0.204413,0.896973,45.856346,serve_plus_one,Forehand,Topspin,deep,ad,deuce,In,Opponent,deep,down the line,far,-3.148154,4.754905,-2.089844,23.974413
Opponent,4,65,11,2,-3.034087,6.202104,-2.634766,-0.173684,0.908203,49.976192,return_plus_one,Backhand,Topspin,short,ad,ad,In,Adi Bitton,deep,cross court,near,3.034087,17.567896,-2.634766,-0.173684
Adi Bitton,1,66,11,2,-2.556207,6.596713,-0.427734,0.029962,2.355469,51.192886,first_serve,Serve,Flat,short,ad,ad,In,Adi Bitton,deep,out wide,far,-2.556207,6.596713,0.427734,23.740038
Opponent,2,66,11,2,-1.296004,4.461107,-2.53125,-1.009622,1.082031,46.988918,first_return,Backhand,Flat,deep,ad,ad,In,Adi Bitton,out,cross court,near,1.296004,19.308893,-2.53125,-1.009622
Adi Bitton,3,66,11,2,-1.084653,5.459619,-2.728516,0.123712,1.324219,45.590374,serve_plus_one,Backhand,Topspin,deep,ad,ad,In,Adi Bitton,deep,cross court,far,-1.084653,5.459619,2.728516,23.646288
Opponent,4,66,11,2,-2.342035,3.28614,-2.015625,-1.931497,1.154297,53.174091,return_plus_one,Backhand,Topspin,deep,ad,ad,In,Adi Bitton,out,cross court,near,2.342035,20.48386,-2.015625,-1.931497
Adi Bitton,5,66,11,2,-2.162255,3.975853,-3.455078,-2.220038,1.818359,43.898758,in_play,Backhand,Topspin,deep,ad,ad,In,Adi Bitton,out,cross court,far,-2.162255,3.975853,3.455078,25.990038
Opponent,6,66,11,2,-0.887537,7.054147,-3.136719,-0.876809,1.511719,56.450008,in_play,Backhand,Flat,short,ad,ad,In,Adi Bitton,out,cross court,near,0.887537,16.715853,-3.136719,-0.876809
Adi Bitton,7,66,11,2,3.244141,3.015625,-2.341797,0.358087,1.507812,36.450729,in_play,Backhand,Slice,deep,deuce,ad,In,Adi Bitton,deep,down the line,far,3.244141,3.015625,2.341797,23.411913
Opponent,8,66,11,2,1.718431,0.001632,3.482422,1.287253,0.931641,43.865295,in_play,Forehand,Slice,deep,deuce,deuce,In,Adi Bitton,deep,cross court,near,-1.718431,23.768368,3.482422,1.287253
Adi Bitton,9,66,11,2,-0.573311,1.233241,2.402344,-0.001288,0.874512,38.543213,in_play,Forehand,Topspin,deep,ad,deuce,In,Adi Bitton,deep,down the line,far,-0.573311,1.233241,-2.402344,23.771288
Opponent,10,66,11,2,-3.980918,0.842042,-0.352539,-3.525247,1.46875,40.54546,in_play,Backhand,Topspin,deep,ad,ad,In,Adi Bitton,out,cross court,near,3.980918,22.927958,-0.352539,-3.525247
Adi Bitton,11,66,11,2,-0.300449,2.913521,-3.494141,0.592462,3.316406,29.759415,in_play,Backhand,Slice,deep,ad,ad,In,Adi Bitton,deep,cross court,far,-0.300449,2.913521,3.494141,23.177538
Opponent,12,66,11,2,-3.310131,2.017353,-0.930664,-1.658059,1.556641,45.294079,in_play,Forehand,Topspin,deep,ad,ad,In,Adi Bitton,out,inside out,near,3.310131,21.752647,-0.930664,-1.658059
Adi Bitton,13,66,11,2,-1.393259,4.598915,-3.847656,-2.095038,2.550781,35.467197,in_play,Backhand,Topspin,deep,ad,ad,In,Adi Bitton,out,cross court,far,-1.393259,4.598915,3.847656,25.865038
Opponent,14,66,11,2,-0.909121,5.489454,-0.978027,1.654441,1.835938,57.60215,in_play,Backhand,Topspin,short,ad,ad,In,Adi Bitton,deep,cross court,near,0.909121,18.280546,-0.978027,1.654441
Adi Bitton,15,66,11,2,-1.703151,5.981524,-1.599609,-1.391913,1.091797,51.180801,in_play,Backhand,Topspin,short,ad,ad,In,Adi Bitton,out,cross court,far,-1.703151,5.981524,1.599609,25.161913
Opponent,16,66,11,2,-2.039141,3.427276,-2.839844,-0.720559,0.996094,47.672234,in_play,Backhand,Topspin,deep,ad,ad,In,Adi Bitton,out,cross court,near,2.039141,20.342724,-2.839844,-0.720559
Adi Bitton,17,66,11,2,-2.211726,4.791178,-3.144531,-0.923163,2.101562,53.748878,in_play,Backhand,Topspin,deep,ad,ad,In,Adi Bitton,deep,cross court,far,-2.211726,4.791178,3.144531,24.693163
Opponent,18,66,11,2,2.677734,16.576336,-3.009766,-1.298684,1.168945,38.302082,in_play,Backhand,Topspin,short,ad,ad,Net,Opponent,out,cross court,near,-2.677734,7.193664,-3.009766,-1.298684
Opponent,1,67,12,2,0.564952,6.231641,0.459229,0.552878,2.300781,83.228394,first_serve,Serve,Flat,short,deuce,deuce,In,Opponent,deep,down the T,near,-0.564952,17.538359,0.459229,0.552878
Adi Bitton,2,67,12,2,2.557765,1.386024,0.723145,0.092462,2.089844,34.407555,first_return,Backhand,Flat,deep,deuce,deuce,In,Opponent,deep,inside out,far,2.557765,1.386024,-0.723145,23.677538
Opponent,3,67,12,2,3.862587,0.009866,2.650391,-1.415872,1.503906,56.512753,serve_plus_one,Forehand,Flat,deep,deuce,deuce,In,Opponent,out,cross court,near,-3.862587,23.760134,2.650391,-1.415872
Adi Bitton,4,67,12,2,-0.573901,-0.930162,4.339844,-1.657538,0.916992,35.974644,return_plus_one,Forehand,Flat,out,ad,deuce_alley,Out,Opponent,out,down the line,far,-0.573901,-0.930162,-4.339844,25.427538
Opponent,1,68,12,2,-1.993268,5.589298,-1.611328,-0.173684,2.490234,91.343376,first_serve,Serve,Slice,short,ad,ad,In,Opponent,deep,down the T,near,1.993268,18.180702,-1.611328,-0.173684
Adi Bitton,2,68,12,2,2.058518,5.447697,-3.033203,1.404962,2.550781,27.582863,first_return,Backhand,Slice,deep,deuce,ad,In,Opponent,deep,down the line,far,2.058518,5.447697,3.033203,22.365038
Opponent,3,68,12,2,-3.226208,0.02028,1.982422,2.43569,1.350586,69.760307,serve_plus_one,Forehand,Topspin,deep,ad,deuce,In,Opponent,deep,down the line,near,3.226208,23.74972,1.982422,2.43569
Opponent,1,69,12,2,2.705078,5.475027,0.188477,0.116758,2.21875,78.716324,first_serve,Serve,Flat,deep,deuce,deuce,Out,Opponent,deep,out wide,near,-2.705078,18.294973,0.188477,0.116758
Opponent,1,69,12,2,0.896599,5.588806,1.045898,0.045066,2.507812,59.734749,second_serve,Serve,Kick,short,deuce,deuce,In,Opponent,deep,down the T,near,-0.896599,18.181194,1.045898,0.045066
Adi Bitton,2,69,12,2,-5.429233,0.203125,1.489258,-0.063788,1.540039,61.337574,second_return,Backhand,Flat,deep,ad_alley,deuce,Out,Opponent,deep,inside in,far,-5.429233,0.203125,-1.489258,23.833788
Opponent,1,70,12,2,-2.95674,6.981327,-1.162109,1.216941,2.214844,69.050537,first_serve,Serve,Slice,short,ad,ad,In,Opponent,deep,out wide,near,2.95674,16.788673,-1.162109,1.216941
Adi Bitton,2,70,12,2,-1.289255,3.38621,-4.835938,-0.251288,1.1875,50.913467,first_return,Backhand,Flat,deep,ad,ad_alley,In,Opponent,deep,down the line,far,-1.289255,3.38621,4.835938,24.021288
Opponent,3,70,12,2,1.853927,2.693817,-2.169922,-1.306497,1.302734,53.792198,serve_plus_one,Backhand,Topspin,deep,deuce,ad,In,Opponent,out,down the line,near,-1.853927,21.076183,-2.169922,-1.306497
Adi Bitton,4,70,12,2,2.120864,4.733122,2.130859,-1.251288,1.506836,47.484772,return_plus_one,Forehand,Topspin,deep,deuce,deuce,In,Opponent,out,cross court,far,2.120864,4.733122,-2.130859,25.021288
Opponent,5,70,12,2,3.101274,2.736682,2.65625,-1.251809,1.304688,61.126396,in_play,Forehand,Flat,deep,deuce,deuce,In,Opponent,out,cross court,near,-3.101274,21.033318,2.65625,-1.251809
Adi Bitton,6,70,12,2,1.884117,3.833182,4.433594,-2.282538,1.1875,39.71801,in_play,Forehand,Topspin,deep,deuce,deuce_alley,In,Opponent,out,down the line,far,1.884117,3.833182,-4.433594,26.052538
Opponent,7,70,12,2,2.829059,0.645729,2.246094,0.232566,1.759766,62.139072,in_play,Forehand,Flat,deep,deuce,deuce,In,Opponent,deep,cross court,near,-2.829059,23.124271,2.246094,0.232566
Adi Bitton,8,70,12,2,-2.183671,5.705712,3.423828,-1.220038,0.941895,31.818851,in_play,Forehand,Slice,short,ad,deuce,In,Opponent,out,down the line,far,-2.183671,5.705712,-3.423828,24.990038
Opponent,9,70,12,2,3.024772,5.482,-2.40625,1.771628,1.777344,75.4375,in_play,Backhand,Flat,short,deuce,ad,In,Adi Bitton,deep,down the line,near,-3.024772,18.288,-2.40625,1.771628
Opponent,1,71,12,2,3.011719,12.215312,-0.138428,0.165418,2.007812,40.767601,first_serve,Serve,Flat,short,ad,deuce,Net,Adi Bitton,deep,out wide,near,-3.011719,11.554688,-0.138428,0.165418
Opponent,1,71,12,2,1.455078,12.387188,0.565918,0.302878,2.226562,32.556812,second_serve,Serve,Kick,short,ad,deuce,Net,Opponent,deep,down the T,near,-1.455078,11.382812,0.565918,0.302878
Opponent,1,72,12,2,-2.749862,5.668285,-1.186523,0.445376,2.269531,72.881859,first_serve,Serve,Slice,short,ad,ad,In,Opponent,deep,out wide,near,2.749862,18.101715,-1.186523,0.445376
Adi Bitton,2,72,12,2,0.791016,-1.25,-4.304688,0.779962,1.285156,46.307796,first_return,Backhand,Flat,out,deuce,ad_alley,Out,Opponent,deep,down the line,far,0.791016,-1.25,4.304688,22.990038
Adi Bitton,1,73,13,2,1.535156,12.145,1.239258,0.959128,2.349609,33.750004,first_serve,Serve,Flat,short,ad,deuce,Net,Opponent,deep,out wide,near,-1.535156,11.625,1.239258,0.959128
Adi Bitton,1,73,13,2,2.043003,6.646795,1.614258,0.381003,2.566406,58.79314,second_serve,Serve,Kick,short,deuce,deuce,In,Opponent,deep,down the T,near,-2.043003,17.123205,1.614258,0.381003
Opponent,2,73,13,2,1.905739,3.784382,4.21875,0.639337,1.210938,48.010262,second_return,Forehand,Topspin,deep,deuce,deuce_alley,In,Opponent,deep,down the line,far,1.905739,3.784382,-4.21875,23.130663
Adi Bitton,3,73,13,2,3.600138,3.112894,2.902344,-0.978372,1.129883,55.955154,serve_plus_one,Forehand,Topspin,deep,deuce,deuce,In,Opponent,out,cross court,near,-3.600138,20.657106,2.902344,-0.978372
Opponent,4,73,13,2,-1.177734,4.824219,5.152344,-2.095038,1.328125,33.727043,return_plus_one,Forehand,Flat,deep,ad,deuce_alley,In,Opponent,out,down the line,far,-1.177734,4.824219,-5.152344,25.865038
Adi Bitton,5,73,13,2,0.347656,17.898718,-1.177734,4.298972,1.984375,20.784662,in_play,Volley,Flat,short,ad,ad,Net,Adi Bitton,deep,cross court,near,-0.347656,5.871282,-1.177734,4.298972
Adi Bitton,1,74,13,2,-2.275391,17.049782,-0.5,-0.587747,1.976562,39.692856,first_serve,Serve,Kick,short,deuce,ad,Net,Adi Bitton,out,out wide,near,2.275391,6.720218,-0.5,-0.587747
Adi Bitton,1,74,13,2,-1.220418,5.494045,-0.113098,-0.418821,2.332031,58.499706,second_serve,Serve,Kick,short,ad,ad,In,Adi Bitton,deep,down the T,near,1.220418,18.275955,-0.113098,-0.418821
Opponent,2,74,13,2,2.195191,1.664562,-1.085938,-1.313788,1.541016,53.408512,second_return,Forehand,Topspin,deep,deuce,ad,In,Adi Bitton,out,inside in,far,2.195191,1.664562,1.085938,25.083788
Adi Bitton,3,74,13,2,1.588845,2.149093,2.363281,-1.509622,1.108398,54.506592,serve_plus_one,Forehand,Topspin,deep,deuce,deuce,In,Adi Bitton,out,cross court,near,-1.588845,21.620907,2.363281,-1.509622
Opponent,4,74,13,2,0.073303,4.746481,2.671875,-1.470038,1.210938,58.573841,return_plus_one,Forehand,Topspin,deep,deuce,deuce,In,Adi Bitton,out,cross court,far,0.073303,4.746481,-2.671875,25.240038
Adi Bitton,5,74,13,2,2.728818,2.884656,0.262695,-2.134622,1.046875,61.73439,in_play,Forehand,Topspin,deep,deuce,deuce,In,Adi Bitton,out,cross court,near,-2.728818,20.885344,0.262695,-2.134622
Opponent,6,74,13,2,4.753906,-0.084811,3.640625,-2.501288,1.198242,54.476299,in_play,Forehand,Flat,out,deuce_alley,deuce,Out,Opponent,out,down the line,far,4.753906,-0.084811,-3.640625,26.271288
Adi Bitton,1,75,13,2,3.160577,6.151857,1.749023,0.334128,2.619141,61.706944,first_serve,Serve,Kick,short,deuce,deuce,In,Opponent,deep,out wide,near,-3.160577,17.618143,1.749023,0.334128
Opponent,2,75,13,2,0.273665,4.393211,5.679688,-0.970038,0.975586,55.551941,first_return,Forehand,Topspin,deep,deuce,deuce_out,In,Opponent,deep,down the line,far,0.273665,4.393211,-5.679688,24.740038
Adi Bitton,3,75,13,2,-2.346988,2.310077,1.703125,-0.267434,1.160156,49.234276,serve_plus_one,Forehand,Topspin,deep,ad,deuce,In,Opponent,deep,down the line,near,2.346988,21.459923,1.703125,-0.267434
Opponent,4,75,13,2,-1.440939,3.554108,-1.897461,-1.204413,1.728516,42.061337,return_plus_one,Backhand,Topspin,deep,ad,ad,In,Opponent,deep,cross court,far,-1.440939,3.554108,1.897461,24.974413
Adi Bitton,5,75,13,2,-5.327052,7.270977,-1.881836,-0.540872,1.638672,33.938549,in_play,Backhand,Flat,short,ad_alley,ad,Out,Opponent,out,down the line,near,5.327052,16.499023,-1.881836,-0.540872
Adi Bitton,1,76,13,2,-2.849609,6.754375,0.080933,1.216941,2.244141,61.09082,first_serve,Serve,Kick,short,ad,ad,In,Opponent,deep,out wide,near,2.849609,17.015625,0.080933,1.216941
Opponent,2,76,13,2,-1.132829,2.06019,-3.876953,-0.751288,1.513672,52.449875,first_return,Backhand,Topspin,deep,ad,ad,In,Opponent,deep,cross court,far,-1.132829,2.06019,3.876953,24.521288
Adi Bitton,3,76,13,2,0.683105,3.30125,-1.597656,-1.392434,1.114258,56.18919,serve_plus_one,Backhand,Flat,deep,deuce,ad,In,Opponent,out,down the line,near,-0.683105,20.46875,-1.597656,-1.392434
Opponent,4,76,13,2,-0.476746,2.951499,0.592285,-0.688788,0.569336,49.58279,return_plus_one,Forehand,Topspin,deep,ad,deuce,In,Opponent,deep,down the line,far,-0.476746,2.951499,-0.592285,24.458788
Adi Bitton,5,76,13,2,0.724011,2.970531,-0.584961,-1.095559,1.121094,56.322395,in_play,Backhand,Flat,deep,deuce,ad,In,Opponent,out,down the line,near,-0.724011,20.799469,-0.584961,-1.095559
Opponent,6,76,13,2,-1.599431,3.683985,1.331055,-0.470038,1.212891,37.860554,in_play,Forehand,Slice,deep,ad,deuce,In,Opponent,deep,down the line,far,-1.599431,3.683985,-1.331055,24.240038
Adi Bitton,7,76,13,2,2.398438,12.090312,-1.958984,0.685691,1.042969,25.312284,in_play,Backhand,Slice,short,ad,ad,Net,Opponent,deep,cross court,near,-2.398438,11.679688,-1.958984,0.685691
Adi Bitton,1,77,13,2,1.648438,12.199688,1.705078,0.177878,2.605469,39.415207,first_serve,Serve,Flat,short,ad,deuce,Net,Opponent,deep,out wide,near,-1.648438,11.570312,1.705078,0.177878
Adi Bitton,1,77,13,2,3.067524,5.496843,1.506836,-0.158059,2.509766,59.341282,second_serve,Serve,Slice,short,deuce,deuce,In,Opponent,deep,out wide,near,-3.067524,18.273157,1.506836,-0.158059
Opponent,2,77,13,2,-0.986053,6.246255,4.394531,1.279962,1.395508,45.378689,second_return,Forehand,Flat,short,ad,deuce_alley,In,Opponent,deep,down the line,far,-0.986053,6.246255,-4.394531,22.490038
Adi Bitton,3,77,13,2,-4.339972,2.249109,0.465088,-0.329934,0.798828,53.50671,serve_plus_one,Backhand,Topspin,deep,ad_alley,deuce,Out,Opponent,deep,inside in,near,4.339972,21.520891,0.465088,-0.329934
Opponent,1,78,14,2,1.576613,4.849664,1.234375,-0.173163,2.328125,72.491837,first_serve,Serve,Slice,deep,deuce,deuce,Out,Opponent,deep,down the T,far,1.576613,4.849664,-1.234375,23.943163
Opponent,1,78,14,2,2.110223,6.685234,0.844238,-0.173163,2.259766,56.328732,second_serve,Serve,Kick,short,deuce,deuce,In,Opponent,deep,down the T,far,2.110223,6.685234,-0.844238,23.943163
Adi Bitton,2,78,14,2,-1.343103,3.664295,2.615234,0.459128,1.669922,54.396038,second_return,Forehand,Topspin,deep,ad,deuce,In,Opponent,deep,down the line,near,1.343103,20.105705,2.615234,0.459128
Opponent,3,78,14,2,-1.984182,5.638113,-0.800781,-1.188788,1.31543,47.742954,serve_plus_one,Backhand,Topspin,short,ad,ad,In,Opponent,deep,cross court,far,-1.984182,5.638113,0.800781,24.958788
Adi Bitton,4,78,14,2,-1.618938,1.669881,-2.560547,-1.447122,0.963379,52.486027,return_plus_one,Backhand,Flat,deep,ad,ad,In,Opponent,out,cross court,near,1.618938,22.100119,-2.560547,-1.447122
Opponent,5,78,14,2,-2.669653,1.631225,-2.1875,-1.360663,1.882812,47.412174,in_play,Backhand,Topspin,deep,ad,ad,In,Opponent,out,cross court,far,-2.669653,1.631225,2.1875,25.130663
Adi Bitton,6,78,14,2,-1.453302,1.67489,-3.466797,-2.040872,1.664062,49.532646,in_play,Backhand,Flat,deep,ad,ad,In,Opponent,out,cross court,near,1.453302,22.09511,-3.466797,-2.040872
Opponent,7,78,14,2,-1.908853,6.551168,-1.895508,-0.220038,1.904297,52.547939,in_play,Backhand,Topspin,short,ad,ad,In,Opponent,deep,cross court,far,-1.908853,6.551168,1.895508,23.990038
Adi Bitton,8,78,14,2,5.457866,0.039564,-2.996094,-1.798684,0.913086,65.521484,in_play,Backhand,Flat,deep,deuce_alley,ad,Out,Opponent,out,down the line,near,-5.457866,23.730436,-2.996094,-1.798684
Opponent,1,79,14,2,-3.452623,7.514994,-1.359375,-0.188788,2.476562,64.247368,first_serve,Serve,Slice,short,ad,ad,In,Opponent,deep,out wide,far,-3.452623,7.514994,1.359375,23.958788
Adi Bitton,2,79,14,2,3.290887,-6.409518,-4.785156,-0.447122,1.222656,54.896702,first_return,Backhand,Topspin,out,deuce,ad_alley,Out,Adi Bitton,deep,down the line,near,-3.290887,30.179518,-4.785156,-0.447122
Opponent,1,80,14,2,0.712402,15.335938,0.477295,0.083326,1.660156,130.596954,first_serve,Serve,Kick,short,ad,deuce,Net,Adi Bitton,deep,down the T,far,0.712402,15.335938,-0.477295,23.686674
Opponent,1,80,14,2,3.591797,12.71875,1.087891,-0.032538,2.363281,42.46888,first_serve,Serve,Flat,short,ad,deuce,Net,Adi Bitton,deep,out wide,far,3.591797,12.71875,-1.087891,23.802538
Opponent,1,80,14,2,0.953649,8.663825,0.784668,0.092462,2.222656,53.760849,second_serve,Serve,Kick,short,deuce,deuce,In,Adi Bitton,deep,down the T,far,0.953649,8.663825,-0.784668,23.677538
Adi Bitton,2,80,14,2,0.050919,3.92139,1.244141,-1.095559,1.183594,55.885712,second_return,Backhand,Flat,deep,deuce,deuce,In,Adi Bitton,out,inside out,near,-0.050919,19.84861,1.244141,-1.095559
Opponent,3,80,14,2,0.378895,5.903771,0.874023,-1.579413,1.181641,55.160847,serve_plus_one,Forehand,Topspin,short,deuce,deuce,In,Adi Bitton,out,cross court,far,0.378895,5.903771,-0.874023,25.349413
Adi Bitton,4,80,14,2,1.435007,5.718679,0.349121,-1.587747,0.871094,56.831287,return_plus_one,Forehand,Topspin,short,deuce,deuce,In,Adi Bitton,out,cross court,near,-1.435007,18.051321,0.349121,-1.587747
Opponent,5,80,14,2,-1.36725,2.465731,2.865234,-1.188788,0.764648,53.329811,in_play,Forehand,Topspin,deep,ad,deuce,In,Adi Bitton,deep,down the line,far,-1.36725,2.465731,-2.865234,24.958788
Adi Bitton,6,80,14,2,-2.005255,1.558486,-1.124023,-2.079935,1.140625,60.508659,in_play,Backhand,Flat,deep,ad,ad,In,Adi Bitton,out,cross court,near,2.005255,22.211514,-1.124023,-2.079935
Opponent,7,80,14,2,-0.510807,5.440823,-2.650391,-0.673163,1.603516,47.03466,in_play,Backhand,Topspin,deep,ad,ad,In,Adi Bitton,deep,cross court,far,-0.510807,5.440823,2.650391,24.443163
Adi Bitton,8,80,14,2,-0.64661,0.000713,-1.253906,-2.165872,1.054688,64.133018,in_play,Backhand,Flat,deep,ad,ad,In,Adi Bitton,out,cross court,near,0.64661,23.769287,-1.253906,-2.165872
Opponent,9,80,14,2,1.679592,6.16426,-1.064453,-0.001288,0.413574,43.727791,in_play,Backhand,Flat,short,deuce,ad,In,Adi Bitton,deep,down the line,far,1.679592,6.16426,1.064453,23.771288
Adi Bitton,10,80,14,2,-0.264893,5.80125,1.481445,-1.048684,0.897949,59.815666,in_play,Forehand,Topspin,short,ad,deuce,In,Adi Bitton,out,down the line,near,0.264893,17.96875,1.481445,-1.048684
Opponent,11,80,14,2,-2.94787,1.559213,0.923828,-0.735663,1.037109,43.818474,in_play,Backhand,Topspin,deep,ad,deuce,In,Adi Bitton,deep,inside in,far,-2.94787,1.559213,-0.923828,24.505663
Adi Bitton,12,80,14,2,-0.86084,1.73875,-3.65625,-0.908059,1.724609,34.974018,in_play,Backhand,Topspin,deep,ad,ad,In,Adi Bitton,out,cross court,near,0.86084,22.03125,-3.65625,-0.908059
Opponent,13,80,14,2,0.650391,20.9375,-0.86084,0.529962,1.716797,22.516716,in_play,Volley,Flat,deep,ad,ad,Net,Adi Bitton,deep,cross court,far,0.650391,20.9375,0.86084,23.240038
Opponent,14,80,14,2,-2.431081,5.383581,-1.080078,-1.157538,1.767578,48.389774,in_play,Backhand,Topspin,deep,ad,ad,In,Adi Bitton,deep,cross court,far,-2.431081,5.383581,1.080078,24.927538
Adi Bitton,15,80,14,2,1.227116,0.308063,-3.757812,-0.400247,1.101562,44.901333,in_play,Backhand,Topspin,deep,deuce,ad,In,Adi Bitton,deep,down the line,near,-1.227116,23.461937,-3.757812,-0.400247
Opponent,16,80,14,2,1.554832,6.460205,1.412109,-0.845038,1.481445,56.731113,in_play,Forehand,Flat,short,deuce,deuce,In,Adi Bitton,deep,cross court,far,1.554832,6.460205,-1.412109,24.615038
Adi Bitton,17,80,14,2,-0.809082,17.530448,2.019531,0.724753,1.018555,28.147074,in_play,Forehand,Slice,short,deuce,deuce,Net,Adi Bitton,deep,cross court,near,0.809082,6.239552,2.019531,0.724753
Opponent,1,81,14,2,-1.958506,6.047727,-1.480469,-0.516913,2.417969,83.434753,first_serve,Serve,Slice,short,ad,ad,In,Adi Bitton,deep,down the T,far,-1.958506,6.047727,1.480469,24.286913
Adi Bitton,2,81,14,2,2.114677,2.55068,-3.041016,-1.103372,1.305664,44.88139,first_return,Forehand,Topspin,deep,deuce,ad,In,Adi Bitton,out,inside in,near,-2.114677,21.21932,-3.041016,-1.103372
Opponent,3,81,14,2,-2.005301,4.598589,2.058594,-0.313788,1.081055,40.262207,serve_plus_one,Forehand,Slice,deep,ad,deuce,In,Adi Bitton,deep,down the line,far,-2.005301,4.598589,-2.058594,24.083788
Adi Bitton,4,81,14,2,-3.105693,1.947286,-2.052734,0.529441,0.897461,54.438156,return_plus_one,Backhand,Topspin,deep,ad,ad,In,Adi Bitton,deep,cross court,near,3.105693,21.822714,-2.052734,0.529441
Opponent,5,81,14,2,-1.822266,1.234375,-3.947266,-1.532538,1.395508,51.591572,in_play,Backhand,Topspin,deep,ad,ad,In,Adi Bitton,out,cross court,far,-1.822266,1.234375,3.947266,25.302538
Adi Bitton,6,81,14,2,-1.577603,1.203596,-2.328125,-1.540872,0.991699,53.448097,in_play,Backhand,Flat,deep,ad,ad,In,Adi Bitton,out,cross court,near,1.577603,22.566404,-2.328125,-1.540872
Opponent,7,81,14,2,0.759766,12.265625,-1.78418,-0.485663,0.904297,34.011127,in_play,Backhand,Topspin,short,ad,ad,Net,Adi Bitton,deep,cross court,far,0.759766,12.265625,1.78418,24.255663
Opponent,1,82,14,2,-0.289904,5.260471,1.173828,-0.735663,2.292969,76.617821,first_serve,Serve,Slice,deep,ad,deuce,Out,Adi Bitton,deep,down the T,far,-0.289904,5.260471,-1.173828,24.505663
Opponent,1,82,14,2,0.48411,8.614016,1.053711,0.404962,2.126953,55.821392,second_serve,Serve,Kick,short,deuce,deuce,In,Adi Bitton,deep,down the T,far,0.48411,8.614016,-1.053711,23.365038
Adi Bitton,2,82,14,2,-1.632224,5.838882,0.790039,-0.642434,1.421875,60.948406,second_return,Backhand,Flat,short,ad,deuce,In,Adi Bitton,out,inside in,near,1.632224,17.931118,0.790039,-0.642434
Opponent,3,82,14,2,-1.954464,5.483083,-1.942383,-1.063788,0.960938,45.522282,serve_plus_one,Backhand,Topspin,deep,ad,ad,In,Adi Bitton,deep,cross court,far,-1.954464,5.483083,1.942383,24.833788
Adi Bitton,4,82,14,2,2.934711,2.379638,-3.121094,-1.290872,1.541016,62.540432,return_plus_one,Forehand,Flat,deep,deuce,ad,In,Adi Bitton,out,inside in,near,-2.934711,21.390362,-3.121094,-1.290872
Opponent,5,82,14,2,-1.740047,2.015311,2.832031,-1.501288,0.980957,33.468552,in_play,Forehand,Flat,deep,ad,deuce,In,Adi Bitton,out,down the line,far,-1.740047,2.015311,-2.832031,25.271288
Adi Bitton,6,82,14,2,1.193936,0.866174,-1.638672,-4.15806,1.396484,46.983799,in_play,Forehand,Topspin,deep,deuce,ad,In,Adi Bitton,out,inside in,near,-1.193936,22.903826,-1.638672,-4.15806
Opponent,7,82,14,2,2.86129,6.279423,1.516602,-0.626288,1.480469,52.82003,in_play,Forehand,Flat,short,deuce,deuce,In,Adi Bitton,deep,cross court,far,2.86129,6.279423,-1.516602,24.396288
Adi Bitton,8,82,14,2,-0.208112,0.472934,3.96875,-1.525247,0.281006,40.595814,in_play,Forehand,Slice,deep,ad,deuce,In,Adi Bitton,out,down the line,near,0.208112,23.297066,3.96875,-1.525247
Opponent,9,82,14,2,3.3165,7.724938,0.654297,0.217462,1.121094,39.030804,in_play,Backhand,Flat,short,deuce,deuce,In,Adi Bitton,deep,inside out,far,3.3165,7.724938,-0.654297,23.552538
Adi Bitton,10,82,14,2,3.376423,0.46705,4.144531,-0.486184,0.69873,51.759109,in_play,Forehand,Topspin,deep,deuce,deuce_alley,In,Adi Bitton,deep,down the line,near,-3.376423,23.30295,4.144531,-0.486184
Opponent,11,82,14,2,4.474441,5.398625,3.783203,-1.423163,1.322266,50.590958,in_play,Forehand,Topspin,deep,deuce_alley,deuce,Out,Opponent,out,down the line,far,4.474441,5.398625,-3.783203,25.193163
Opponent,1,83,14,2,-2.220233,7.069326,-1.525391,-0.813788,2.429688,71.28569,first_serve,Serve,Slice,short,ad,ad,In,Opponent,deep,out wide,far,-2.220233,7.069326,1.525391,24.583788
Adi Bitton,2,83,14,2,-1.142212,2.412418,-3.923828,-0.986184,1.186523,47.067123,first_return,Backhand,Topspin,deep,ad,ad,In,Opponent,out,cross court,near,1.142212,21.357582,-3.923828,-0.986184
Opponent,3,83,14,2,-3.373142,0.533735,-1.974609,-0.157538,1.931641,48.636482,serve_plus_one,Backhand,Topspin,deep,ad,ad,In,Opponent,deep,cross court,far,-3.373142,0.533735,1.974609,23.927538
Adi Bitton,4,83,14,2,1.892496,3.881393,-3.474609,-1.017434,1.328125,42.396065,return_plus_one,Backhand,Topspin,deep,deuce,ad,In,Opponent,out,down the line,near,-1.892496,19.888607,-3.474609,-1.017434
Opponent,5,83,14,2,-2.496791,1.699124,2.003906,0.029962,1.495117,64.966492,in_play,Forehand,Flat,deep,ad,deuce,In,Opponent,deep,down the line,far,-2.496791,1.699124,-2.003906,23.740038
Adi Bitton,6,83,14,2,-6.122194,5.534374,-2.382812,-1.728372,1.420898,34.573074,in_play,Backhand,Slice,short,ad_out,ad,Out,Adi Bitton,out,down the line,near,6.122194,18.235626,-2.382812,-1.728372
Adi Bitton,1,84,15,2,2.775817,8.722837,1.367188,-0.016913,2.265625,58.611027,first_serve,Serve,Slice,short,deuce,deuce,In,Adi Bitton,deep,out wide,far,2.775817,8.722837,-1.367188,23.786913
Opponent,2,84,15,2,0.675136,6.163343,4.394531,-0.431497,0.856445,46.218262,first_return,Forehand,Slice,short,deuce,deuce_alley,In,Adi Bitton,deep,down the line,near,-0.675136,17.606657,4.394531,-0.431497
Adi Bitton,3,84,15,2,2.757538,1.862503,2.359375,0.295587,0.953125,50.116158,serve_plus_one,Forehand,Topspin,deep,deuce,deuce,In,Adi Bitton,deep,cross court,far,2.757538,1.862503,-2.359375,23.474413
Opponent,4,84,15,2,-0.444336,5.55125,3.296875,-1.353372,1.174805,52.06971,return_plus_one,Forehand,Flat,short,ad,deuce,In,Adi Bitton,out,down the line,near,0.444336,18.21875,3.296875,-1.353372
Adi Bitton,5,84,15,2,-1.898438,6.609375,-0.444336,4.342462,2.289062,47.802425,in_play,Overhead,Flat,short,ad,ad,In,Adi Bitton,short,---,far,-1.898438,6.609375,0.444336,19.427538
Opponent,6,84,15,2,2.712891,20.934062,-1.898438,6.084128,0.878906,21.650688,in_play,Volley,Flat,deep,ad,ad,Net,Adi Bitton,short,cross court,near,-2.712891,2.835938,-1.898438,6.084128
Opponent,7,84,15,2,5.27506,23.979054,-3.373047,-1.056497,1.318359,30.568861,in_play,Backhand,Topspin,out,ad_alley,ad,Net,Adi Bitton,out,down the line,near,-5.27506,-0.209054,-3.373047,-1.056497
Adi Bitton,1,85,15,2,-0.993964,8.268286,-0.490723,0.092462,2.324219,55.204304,first_serve,Serve,Kick,short,ad,ad,In,Adi Bitton,deep,down the T,far,-0.993964,8.268286,0.490723,23.677538
Opponent,2,85,15,2,-0.980901,3.621326,-1.168945,-1.876809,1.094727,58.840691,first_return,Forehand,Flat,deep,ad,ad,In,Adi Bitton,out,inside out,near,0.980901,20.148674,-1.168945,-1.876809
Adi Bitton,3,85,15,2,0.525983,4.491519,-1.186523,0.170587,1.227539,54.238911,serve_plus_one,Backhand,Flat,deep,deuce,ad,In,Adi Bitton,deep,down the line,far,0.525983,4.491519,1.186523,23.599413
Opponent,4,85,15,2,-0.822555,2.2075,0.473633,-1.697122,0.879883,36.181602,return_plus_one,Forehand,Slice,deep,ad,deuce,In,Adi Bitton,out,down the line,near,0.822555,21.5625,0.473633,-1.697122
Adi Bitton,5,85,15,2,1.486792,2.260942,0.439697,-0.876288,1.259766,58.730015,in_play,Forehand,Topspin,deep,deuce,deuce,In,Adi Bitton,deep,cross court,far,1.486792,2.260942,-0.439697,24.646288
Opponent,6,85,15,2,-1.396484,17.487119,1.740234,-1.845559,1.205078,35.042568,in_play,Forehand,Flat,short,deuce,deuce,Net,Adi Bitton,out,cross court,near,1.396484,6.282881,1.740234,-1.845559
Adi Bitton,1,86,15,2,2.206888,7.632325,1.439453,-0.423163,2.292969,67.304688,first_serve,Serve,Slice,short,deuce,deuce,In,Adi Bitton,deep,out wide,far,2.206888,7.632325,-1.439453,24.193163
Opponent,2,86,15,2,0.237083,6.929056,3.902344,-0.314309,1.105469,46.53738,first_return,Forehand,Topspin,short,deuce,deuce,In,Adi Bitton,deep,cross court,near,-0.237083,16.840944,3.902344,-0.314309
Adi Bitton,3,86,15,2,-1.904722,4.904299,2.576172,0.733087,1.064453,31.308609,serve_plus_one,Forehand,Topspin,deep,ad,deuce,In,Adi Bitton,deep,down the line,far,-1.904722,4.904299,-2.576172,23.036913
Opponent,4,86,15,2,4.137285,0.861722,-2.201172,0.412253,0.821289,54.399361,return_plus_one,Backhand,Topspin,deep,deuce_alley,ad,Out,Adi Bitton,deep,down the line,near,-4.137285,22.908278,-2.201172,0.412253
Adi Bitton,1,87,15,2,-1.069604,6.562611,-0.077942,0.686212,2.285156,62.114471,first_serve,Serve,Slice,short,ad,ad,In,Adi Bitton,deep,down the T,far,-1.069604,6.562611,0.077942,23.083788
Opponent,2,87,15,2,0.756814,5.751039,-0.901855,-2.267435,1.140625,56.134804,first_return,Forehand,Flat,short,deuce,ad,In,Adi Bitton,out,inside in,near,-0.756814,18.018961,-0.901855,-2.267435
Adi Bitton,3,87,15,2,1.9234,7.659455,1.237305,0.342462,0.962891,36.957195,serve_plus_one,Forehand,Slice,short,deuce,deuce,In,Adi Bitton,deep,cross court,far,1.9234,7.659455,-1.237305,23.427538
Opponent,4,87,15,2,-1.092167,4.820747,2.330078,3.408347,0.549805,34.12418,return_plus_one,Forehand,Slice,deep,ad,deuce,In,Adi Bitton,deep,down the line,near,1.092167,18.949253,2.330078,3.408347
Adi Bitton,5,87,15,2,-1.975586,8.140625,-0.407471,2.967462,0.922852,51.757782,in_play,Backhand,Topspin,short,ad,ad,In,Adi Bitton,deep,cross court,far,-1.975586,8.140625,0.407471,20.802538
Opponent,6,87,15,2,2.175781,17.983078,-1.975586,7.615378,0.957031,16.67627,in_play,Volley,Flat,short,ad,ad,Net,Adi Bitton,short,cross court,near,-2.175781,5.786922,-1.975586,7.615378
Adi Bitton,1,88,15,2,3.031491,9.357778,1.636719,0.108087,2.394531,53.514893,first_serve,Serve,Slice,short,deuce,deuce,In,Adi Bitton,deep,out wide,far,3.031491,9.357778,-1.636719,23.661913
Opponent,2,88,15,2,1.211195,4.070398,4.796875,-1.048684,0.618164,58.750698,first_return,Forehand,Topspin,deep,deuce,deuce_alley,In,Adi Bitton,out,down the line,near,-1.211195,19.699602,4.796875,-1.048684
Adi Bitton,3,88,15,2,1.094337,1.423114,2.847656,0.217462,1.320312,45.876736,serve_plus_one,Forehand,Topspin,deep,deuce,deuce,In,Adi Bitton,deep,cross court,far,1.094337,1.423114,-2.847656,23.552538
Opponent,4,88,15,2,-2.185037,0.779861,1.69043,-2.087747,1.570312,35.732681,return_plus_one,Forehand,Flat,deep,ad,deuce,In,Adi Bitton,out,down the line,near,2.185037,22.990139,1.69043,-2.087747
Adi Bitton,5,88,15,2,-2.081711,5.043579,-0.901855,-1.876288,1.783203,43.666832,in_play,Forehand,Topspin,deep,ad,ad,In,Adi Bitton,out,inside out,far,-2.081711,5.043579,0.901855,25.646288
Opponent,6,88,15,2,-1.490234,17.75712,-2.167969,0.357566,1.454102,37.768326,in_play,Backhand,Topspin,short,deuce,ad,Net,Adi Bitton,deep,down the line,near,1.490234,6.01288,-2.167969,0.357566
Opponent,1,89,16,2,1.322682,5.834693,0.609375,0.427878,2.484375,75.460518,first_serve,Serve,Flat,short,deuce,deuce,In,Adi Bitton,deep,down the T,near,-1.322682,17.935307,0.609375,0.427878
Adi Bitton,2,89,16,2,-0.891974,6.510386,1.788086,0.029962,1.28125,47.083458,first_return,Backhand,Topspin,short,ad,deuce,In,Adi Bitton,deep,inside in,far,-0.891974,6.510386,-1.788086,23.740038
Opponent,3,89,16,2,-2.63872,0.005538,-0.688477,-2.009622,0.771484,50.01207,serve_plus_one,Backhand,Topspin,deep,ad,ad,In,Adi Bitton,out,cross court,near,2.63872,23.764462,-0.688477,-2.009622
Adi Bitton,4,89,16,2,-0.410323,6.805251,-2.925781,-2.001288,1.287109,45.638138,return_plus_one,Backhand,Topspin,short,ad,ad,In,Adi Bitton,out,cross court,far,-0.410323,6.805251,2.925781,25.771288
Opponent,1,90,16,2,-2.399076,5.601829,-1.444336,0.201316,2.322266,78.581482,first_serve,Serve,Kick,short,ad,ad,In,Adi Bitton,deep,out wide,near,2.399076,18.168171,-1.444336,0.201316
Adi Bitton,2,90,16,2,0.022342,7.149837,-2.798828,0.451837,1.046875,33.047611,first_return,Backhand,Slice,short,center_line,ad,In,Adi Bitton,deep,down the line,far,0.022342,7.149837,2.798828,23.318163
Opponent,3,90,16,2,1.65786,2.722299,-0.70166,3.162253,1.082031,58.840435,serve_plus_one,Forehand,Topspin,deep,deuce,ad,In,Adi Bitton,deep,inside in,near,-1.65786,21.047701,-0.70166,3.162253
Adi Bitton,4,90,16,2,1.923828,7.527344,2.507812,-0.157538,0.851562,48.782936,return_plus_one,Forehand,Flat,short,deuce,deuce,In,Adi Bitton,deep,cross court,far,1.923828,7.527344,-2.507812,23.927538
Opponent,5,90,16,2,0.630371,17.116106,1.923828,7.002097,0.827637,20.791199,in_play,Volley,Slice,short,ad,deuce,Net,Adi Bitton,short,down the line,near,-0.630371,6.653894,1.923828,7.002097
Opponent,1,91,16,2,1.032526,5.537452,0.589844,1.162253,2.222656,73.223701,first_serve,Serve,Flat,short,deuce,deuce,In,Adi Bitton,deep,down the T,near,-1.032526,18.232548,0.589844,1.162253
Adi Bitton,2,91,16,2,-1.583024,2.398287,1.53125,-0.298163,1.392578,54.655521,first_return,Backhand,Flat,deep,ad,deuce,In,Adi Bitton,deep,inside in,far,-1.583024,2.398287,-1.53125,24.068163
Opponent,3,91,16,2,1.832745,0.042448,-1.163086,-2.048685,1.0625,48.449337,serve_plus_one,Backhand,Topspin,deep,deuce,ad,In,Adi Bitton,out,down the line,near,-1.832745,23.727552,-1.163086,-2.048685
Adi Bitton,4,91,16,2,-0.66157,6.976487,2.167969,-1.470038,1.763672,36.829552,return_plus_one,Forehand,Topspin,short,ad,deuce,In,Opponent,out,down the line,far,-0.66157,6.976487,-2.167969,25.240038
Opponent,1,92,16,2,-3.074211,5.599557,-1.321289,-0.111184,2.349609,71.352928,first_serve,Serve,Slice,short,ad,ad,In,Opponent,deep,out wide,near,3.074211,18.170443,-1.321289,-0.111184
Adi Bitton,2,92,16,2,-1.779905,8.300577,-4.25,-0.110663,1.024414,44.059044,first_return,Backhand,Topspin,short,ad,ad_alley,In,Opponent,deep,down the line,far,-1.779905,8.300577,4.25,23.880663
Opponent,3,92,16,2,-3.297195,2.050025,-3.822266,0.099753,0.594727,58.462387,serve_plus_one,Backhand,Flat,deep,ad,ad,In,Opponent,deep,cross court,near,3.297195,21.719975,-3.822266,0.099753
Adi Bitton,4,92,16,2,2.226257,3.472981,-4.460938,-1.501288,1.384766,65.852295,return_plus_one,Backhand,Slice,deep,deuce,ad_alley,In,Opponent,out,down the line,far,2.226257,3.472981,4.460938,25.271288
Opponent,5,92,16,2,-1.130152,0.128145,1.526367,-1.072122,0.90625,57.357281,in_play,Forehand,Flat,deep,ad,deuce,In,Opponent,out,down the line,near,1.130152,23.641855,1.526367,-1.072122
Adi Bitton,6,92,16,2,-1.075716,4.74238,-0.541016,0.108087,0.585938,34.031647,in_play,Forehand,Topspin,deep,ad,ad,In,Opponent,deep,inside out,far,-1.075716,4.74238,0.541016,23.661913
Opponent,7,92,16,2,2.511898,5.938447,-1.455078,-0.329934,1.646484,59.49947,in_play,Backhand,Topspin,short,deuce,ad,In,Opponent,deep,down the line,near,-2.511898,17.831553,-1.455078,-0.329934
Adi Bitton,8,92,16,2,0.138812,4.243958,3.335938,-1.141913,1.011719,31.76989,in_play,Forehand,Slice,deep,deuce,deuce,In,Opponent,deep,cross court,far,0.138812,4.243958,-3.335938,24.911913
Opponent,9,92,16,2,-3.714016,5.568883,0.583496,1.388816,1.412109,72.933784,in_play,Backhand,Flat,short,ad,deuce,In,Opponent,deep,inside in,near,3.714016,18.201117,0.583496,1.388816
Opponent,1,93,16,2,0.564932,5.848318,0.697266,0.071199,2.279297,72.145638,first_serve,Serve,Flat,short,deuce,deuce,In,Opponent,deep,down the T,near,-0.564932,17.921682,0.697266,0.071199
Adi Bitton,2,93,16,2,-0.725098,12.4375,1.086914,0.170587,1.507812,32.43996,first_return,Backhand,Topspin,short,deuce,deuce,Net,Opponent,deep,inside out,far,-0.725098,12.4375,-1.086914,23.599413
Opponent,1,94,16,2,-2.913614,6.959114,-1.415039,-0.212747,2.271484,70.598618,first_serve,Serve,Slice,short,ad,ad,In,Opponent,deep,out wide,near,2.913614,16.810886,-1.415039,-0.212747
Adi Bitton,2,94,16,2,0.284149,6.043096,-4.945312,-0.141913,1.177734,43.875153,first_return,Backhand,Flat,short,deuce,ad_alley,In,Opponent,deep,down the line,far,0.284149,6.043096,4.945312,23.911913
Opponent,3,94,16,2,0.252954,4.547706,-0.954102,-0.736184,1.410156,57.384933,serve_plus_one,Forehand,Topspin,deep,deuce,ad,In,Opponent,out,inside in,near,-0.252954,19.222294,-0.954102,-0.736184
Adi Bitton,4,94,16,2,0.388053,3.953506,0.74707,0.467462,1.025391,50.912376,return_plus_one,Forehand,Topspin,deep,deuce,deuce,In,Opponent,deep,cross court,far,0.388053,3.953506,-0.74707,23.302538
Opponent,5,94,16,2,2.923683,2.061941,0.392334,-1.822122,1.208984,53.516792,in_play,Forehand,Flat,deep,deuce,deuce,In,Opponent,out,cross court,near,-2.923683,21.708059,0.392334,-1.822122
Adi Bitton,6,94,16,2,0.328762,6.636857,3.978516,-1.595038,1.34082,32.931622,in_play,Forehand,Topspin,short,deuce,deuce,In,Opponent,out,cross court,far,0.328762,6.636857,-3.978516,25.365038
Opponent,7,94,16,2,-2.642565,1.046833,1.029297,0.271628,1.683594,67.218254,in_play,Backhand,Flat,deep,ad,deuce,In,Opponent,deep,inside in,near,2.642565,22.723167,1.029297,0.271628
Adi Bitton,8,94,16,2,-0.615562,5.706327,-2.253906,-1.141913,1.088867,52.900738,in_play,Backhand,Flat,short,ad,ad,In,Opponent,deep,cross court,far,-0.615562,5.706327,2.253906,24.911913
Opponent,9,94,16,2,-0.13519,4.449852,-1.332031,-0.540872,0.812988,51.463352,in_play,Backhand,Topspin,deep,ad,ad,In,Opponent,out,cross court,near,0.13519,19.320148,-1.332031,-0.540872
Adi Bitton,10,94,16,2,-1.637107,4.059686,-0.687988,-0.407538,1.114258,55.111916,in_play,Backhand,Topspin,deep,ad,ad,In,Opponent,deep,cross court,far,-1.637107,4.059686,0.687988,24.177538
Opponent,11,94,16,2,-0.589486,3.593153,-1.998047,-1.111184,1.026367,51.646214,in_play,Backhand,Flat,deep,ad,ad,In,Opponent,out,cross court,near,0.589486,20.176847,-1.998047,-1.111184
Adi Bitton,12,94,16,2,-0.707771,1.667321,-1.181641,-0.876288,1.677734,55.09248,in_play,Backhand,Flat,deep,ad,ad,In,Opponent,deep,cross court,far,-0.707771,1.667321,1.181641,24.646288
Opponent,13,94,16,2,0.044347,3.145902,-0.528809,-0.736184,1.246094,49.847858,in_play,Forehand,Flat,deep,deuce,ad,In,Opponent,out,inside in,near,-0.044347,20.624098,-0.528809,-0.736184
Adi Bitton,14,94,16,2,0.404053,12.296875,0.640625,-0.876288,1.013672,39.376907,in_play,Forehand,Topspin,short,ad,deuce,Net,Opponent,deep,down the line,far,0.404053,12.296875,-0.640625,24.646288
Opponent,1,95,16,2,0.582057,5.895198,1.021484,-0.189309,2.537109,82.791054,first_serve,Serve,Kick,short,deuce,deuce,In,Opponent,deep,down the T,near,-0.582057,17.874802,1.021484,-0.189309
Adi Bitton,2,95,16,2,1.80731,3.238223,1.030273,0.404962,1.791016,47.904972,first_return,Backhand,Flat,deep,deuce,deuce,In,Opponent,deep,inside out,far,1.80731,3.238223,-1.030273,23.365038
Opponent,3,95,16,2,-1.650707,0.009866,2.054688,-1.298684,1.102539,49.377964,serve_plus_one,Forehand,Flat,deep,ad,deuce,In,Opponent,out,down the line,near,1.650707,23.760134,2.054688,-1.298684
Adi Bitton,4,95,16,2,-0.831543,12.320312,-1.606445,-0.782538,0.649902,32.072746,return_plus_one,Backhand,Topspin,short,deuce,ad,Net,Adi Bitton,deep,down the line,far,-0.831543,12.320312,1.606445,24.552538
Adi Bitton,1,96,17,2,2.253906,9.223125,1.181641,0.279441,2.433594,53.136135,first_serve,Serve,Flat,short,deuce,deuce,In,Adi Bitton,deep,out wide,near,-2.253906,14.546875,1.181641,0.279441
Opponent,2,96,17,2,1.131836,1.0625,4.425781,0.311212,1.349609,48.26749,first_return,Forehand,Topspin,deep,deuce,deuce_alley,In,Adi Bitton,deep,down the line,far,1.131836,1.0625,-4.425781,23.458788
Adi Bitton,3,96,17,2,1.456055,4.395,1.523438,-1.033059,1.611328,51.183853,serve_plus_one,Forehand,Topspin,deep,deuce,deuce,In,Adi Bitton,out,cross court,near,-1.456055,19.375,1.523438,-1.033059
Opponent,4,96,17,2,0.889648,5.335938,2.349609,-1.251288,1.227539,54.271854,return_plus_one,Forehand,Topspin,deep,deuce,deuce,In,Adi Bitton,out,cross court,far,0.889648,5.335938,-2.349609,25.021288
Adi Bitton,5,96,17,2,2.208984,5.479097,0.873047,-1.720559,0.9375,52.308781,in_play,Forehand,Topspin,deep,deuce,deuce,In,Adi Bitton,out,cross court,near,-2.208984,18.290903,0.873047,-1.720559
Opponent,6,96,17,2,2.328125,8.070312,3.837891,-2.188788,0.987305,51.686913,in_play,Forehand,Topspin,short,deuce,deuce,In,Adi Bitton,out,cross court,far,2.328125,8.070312,-3.837891,25.958788
Adi Bitton,7,96,17,2,-2.289062,7.691875,4.351562,0.552878,0.274414,29.122498,in_play,Forehand,Slice,short,ad,deuce_alley,In,Adi Bitton,deep,down the line,near,2.289062,16.078125,4.351562,0.552878
Opponent,8,96,17,2,-3.753906,1.851562,-2.748047,0.889337,0.492188,52.208672,in_play,Backhand,Flat,deep,ad,ad,In,Adi Bitton,deep,cross court,far,-3.753906,1.851562,2.748047,22.880663
Opponent,9,96,17,2,0.657777,18.381901,-1.094727,4.279962,2.277344,29.035788,in_play,Backhand,Flat,deep,ad,ad,Net,Adi Bitton,short,cross court,far,0.657777,18.381901,1.094727,19.490038
Adi Bitton,1,97,17,2,0.154137,6.4314,-0.574707,-0.658059,2.263672,65.043877,first_serve,Serve,Kick,short,deuce,ad,Out,Adi Bitton,out,down the T,near,-0.154137,17.3386,-0.574707,-0.658059
Opponent,2,97,17,2,-3.742188,18.671875,1.589844,-0.501288,1.398438,35.30328,first_return,Forehand,Slice,deep,deuce,deuce,Net,Adi Bitton,deep,cross court,far,-3.742188,18.671875,-1.589844,24.271288
Adi Bitton,1,98,17,2,0.968262,5.660625,1.472656,0.357566,2.525391,76.743767,first_serve,Serve,Flat,short,deuce,deuce,In,Adi Bitton,deep,down the T,near,-0.968262,18.109375,1.472656,0.357566
Opponent,2,98,17,2,-1.278271,-1.632861,2.060547,0.061212,1.535156,44.659397,first_return,Backhand,Topspin,out,ad,deuce,Out,Adi Bitton,deep,inside in,far,-1.278271,-1.632861,-2.060547,23.708788
Adi Bitton,1,99,17,2,-1.34668,11.918438,0.114624,0.127373,1.998047,38.349579,first_serve,Serve,Kick,short,deuce,ad,Net,Adi Bitton,deep,down the T,near,1.34668,11.851562,0.114624,0.127373
Adi Bitton,1,99,17,2,-1.958984,6.11375,-0.532715,-0.134622,2.236328,58.714638,second_serve,Serve,Kick,short,ad,ad,In,Adi Bitton,deep,down the T,near,1.958984,17.65625,-0.532715,-0.134622
Opponent,2,99,17,2,-1.746094,2.273438,-2.238281,-1.501288,1.304688,67.196442,second_return,Forehand,Flat,deep,ad,ad,In,Adi Bitton,out,inside out,far,-1.746094,2.273438,2.238281,25.271288
Adi Bitton,3,99,17,2,-0.002903,5.3325,-2.664062,-1.462747,0.983887,55.718231,serve_plus_one,Backhand,Flat,deep,ad,ad,In,Adi Bitton,out,cross court,near,0.002903,18.4375,-2.664062,-1.462747
Opponent,4,99,17,2,-2.998047,3.171875,-0.34375,-0.032538,0.866699,57.017879,return_plus_one,Forehand,Flat,deep,ad,ad,In,Adi Bitton,deep,inside out,far,-2.998047,3.171875,0.34375,23.802538
Adi Bitton,5,99,17,2,4.250472,24.084024,-3.8125,-0.353372,1.091797,29.001192,in_play,Backhand,Topspin,out,ad_alley,ad,Net,Adi Bitton,deep,down the line,near,-4.250472,-0.314024,-3.8125,-0.353372
Opponent,6,99,17,2,-1.138672,12.484375,0.492432,3.248712,1.454102,18.186579,in_play,Volley,Topspin,short,deuce,deuce,Net,Adi Bitton,deep,cross court,far,-1.138672,12.484375,-0.492432,20.521288
Opponent,1,100,18,2,0.377405,6.843362,0.987793,-0.532538,2.240234,74.049866,first_serve,Serve,Flat,short,deuce,deuce,In,Adi Bitton,deep,down the T,far,0.377405,6.843362,-0.987793,24.302538
Adi Bitton,2,100,18,2,-0.031166,1.713722,0.533203,-1.853372,1.147461,51.02338,first_return,Backhand,Flat,deep,ad,deuce,In,Adi Bitton,out,inside in,near,0.031166,22.056278,0.533203,-1.853372
Opponent,3,100,18,2,-1.026824,4.917284,0.242065,-0.782538,1.5625,43.782207,serve_plus_one,Backhand,Topspin,deep,ad,deuce,In,Adi Bitton,deep,inside in,far,-1.026824,4.917284,-0.242065,24.552538
Adi Bitton,4,100,18,2,2.12665,0.002574,-1.204102,-1.212747,1.611328,57.751842,return_plus_one,Backhand,Flat,deep,deuce,ad,In,Adi Bitton,out,down the line,near,-2.12665,23.767426,-1.204102,-1.212747
Opponent,5,100,18,2,-3.316406,12.703125,2.423828,-2.110663,0.327637,32.238182,in_play,Forehand,Flat,short,deuce,deuce,Net,Adi Bitton,out,cross court,far,-3.316406,12.703125,-2.423828,25.880663
Opponent,1,101,18,2,-2.446507,6.684091,-1.229492,-0.095038,2.232422,79.236511,first_serve,Serve,Flat,short,ad,ad,In,Adi Bitton,deep,out wide,far,-2.446507,6.684091,1.229492,23.865038
Adi Bitton,2,101,18,2,0.953731,6.434791,-4.039062,-0.517434,1.148438,33.467396,first_return,Backhand,Slice,short,deuce,ad,In,Adi Bitton,deep,down the line,near,-0.953731,17.335209,-4.039062,-0.517434
Opponent,3,101,18,2,-1.667969,18.285524,0.762207,2.248712,0.737305,23.543074,serve_plus_one,Forehand,Slice,short,deuce,deuce,Net,Opponent,deep,cross court,far,-1.667969,18.285524,-0.762207,21.521288
Opponent,1,102,18,2,2.898438,12.5625,0.800781,-0.188788,2.25,29.899242,first_serve,Serve,Flat,short,ad,deuce,Net,Opponent,deep,out wide,far,2.898438,12.5625,-0.800781,23.958788
Opponent,1,102,18,2,0.822908,6.536817,1.185547,-0.188788,2.101562,59.356796,second_serve,Serve,Kick,short,deuce,deuce,In,Opponent,deep,down the T,far,0.822908,6.536817,-1.185547,23.958788
Adi Bitton,2,102,18,2,-3.065702,2.591564,1.132812,-0.251809,1.363281,38.14426,second_return,Backhand,Topspin,deep,ad,deuce,In,Opponent,deep,inside in,near,3.065702,21.178436,1.132812,-0.251809
Opponent,3,102,18,2,-3.288083,8.954272,-3.179688,-0.907538,0.969727,28.969809,serve_plus_one,Backhand,Topspin,short,ad,ad,In,Opponent,deep,cross court,far,-3.288083,8.954272,3.179688,24.677538
Adi Bitton,4,102,18,2,4.689555,2.648464,-4.804688,3.013815,0.291504,30.701666,return_plus_one,Backhand,Slice,deep,deuce_alley,ad_alley,Out,Adi Bitton,deep,down the line,near,-4.689555,21.121536,-4.804688,3.013815
Opponent,1,103,18,2,-3.408292,6.953135,-1.15625,0.248712,2.304688,64.598793,first_serve,Serve,Slice,short,ad,ad,In,Adi Bitton,deep,out wide,far,-3.408292,6.953135,1.15625,23.521288
Adi Bitton,2,103,18,2,-3.103389,2.803146,-4.453125,-0.283059,1.232422,50.143288,first_return,Backhand,Topspin,deep,ad,ad_alley,In,Adi Bitton,deep,down the line,near,3.103389,20.966854,-4.453125,-0.283059
Opponent,3,103,18,2,-1.105615,4.188667,-4.183594,-1.282538,1.493164,53.318058,serve_plus_one,Backhand,Topspin,deep,ad,ad_alley,In,Adi Bitton,out,down the line,far,-1.105615,4.188667,4.183594,25.052538
Adi Bitton,4,103,18,2,0.656127,4.778846,-2.175781,-1.743997,1.306641,50.059559,return_plus_one,Backhand,Flat,deep,deuce,ad,In,Adi Bitton,out,down the line,near,-0.656127,18.991154,-2.175781,-1.743997
Opponent,5,103,18,2,-2.058792,4.781817,0.942871,-1.063788,1.181641,55.708374,in_play,Forehand,Topspin,deep,ad,deuce,In,Adi Bitton,deep,down the line,far,-2.058792,4.781817,-0.942871,24.833788
Adi Bitton,6,103,18,2,-2.276588,4.132864,-2.1875,-0.798684,0.900391,62.591434,in_play,Backhand,Topspin,deep,ad,ad,In,Adi Bitton,out,cross court,near,2.276588,19.637136,-2.1875,-0.798684
Opponent,7,103,18,2,2.417969,18.171875,-3.373047,-2.157538,1.048828,41.484097,in_play,Backhand,Slice,short,ad,ad,Net,Adi Bitton,out,cross court,far,2.417969,18.171875,3.373047,25.927538
Opponent,1,104,18,2,0.769043,15.757812,0.671387,0.11586,2.003906,46.784252,first_serve,Serve,Flat,short,ad,deuce,Net,Adi Bitton,deep,down the T,far,0.769043,15.757812,-0.671387,23.65414
Opponent,1,104,18,2,2.484154,5.545187,1.113281,0.529962,2.341797,71.637543,second_serve,Serve,Flat,short,deuce,deuce,In,Adi Bitton,deep,out wide,far,2.484154,5.545187,-1.113281,23.240038
Adi Bitton,2,104,18,2,-1.78216,5.931474,3.365234,-1.072122,1.128906,45.990776,second_return,Forehand,Topspin,short,ad,deuce,In,Adi Bitton,out,down the line,near,1.78216,17.838526,3.365234,-1.072122
Opponent,3,104,18,2,2.099749,0.548836,-1.069336,-0.188788,1.071289,55.249447,serve_plus_one,Backhand,Topspin,deep,deuce,ad,In,Adi Bitton,deep,down the line,far,2.099749,0.548836,1.069336,23.958788
Adi Bitton,4,104,18,2,1.608011,2.60111,2.654297,-1.540872,0.845703,43.972637,return_plus_one,Forehand,Topspin,deep,deuce,deuce,In,Adi Bitton,out,cross court,near,-1.608011,21.16889,2.654297,-1.540872
Opponent,5,104,18,2,-2.873539,2.881953,2.697266,-1.251288,1.53418,45.144615,in_play,Forehand,Topspin,deep,ad,deuce,In,Adi Bitton,out,down the line,far,-2.873539,2.881953,-2.697266,25.021288
Adi Bitton,6,104,18,2,-1.337959,0.117654,-2.230469,-1.931497,1.337891,45.08559,in_play,Backhand,Topspin,deep,ad,ad,In,Adi Bitton,out,cross court,near,1.337959,23.652346,-2.230469,-1.931497
Opponent,7,104,18,2,-0.406292,4.315932,-1.459961,-1.376288,1.71875,38.171505,in_play,Backhand,Topspin,deep,ad,ad,In,Adi Bitton,out,cross court,far,-0.406292,4.315932,1.459961,25.146288
Adi Bitton,8,104,18,2,1.892345,3.38466,-0.719238,-1.314309,1.732422,67.647873,in_play,Forehand,Topspin,deep,deuce,ad,In,Adi Bitton,out,inside in,near,-1.892345,20.38534,-0.719238,-1.314309
Adi Bitton,1,105,19,3,3.820367,7.147717,1.459961,-0.220038,2.304688,56.896999,first_serve,Serve,Slice,short,deuce,deuce,In,Adi Bitton,deep,out wide,far,3.820367,7.147717,-1.459961,23.990038
Opponent,2,105,19,3,-0.44165,5.408697,4.535156,0.826316,1.355469,45.782028,first_return,Forehand,Topspin,deep,ad,deuce_alley,In,Adi Bitton,deep,down the line,near,0.44165,18.361303,4.535156,0.826316
Adi Bitton,3,105,19,3,-2.832118,6.591539,0.374512,0.264337,1.269531,48.582508,serve_plus_one,Forehand,Topspin,short,ad,deuce,In,Adi Bitton,deep,down the line,far,-2.832118,6.591539,-0.374512,23.505663
Adi Bitton,1,106,19,3,-2.620189,9.834394,-0.629883,-0.266913,2.355469,54.864876,first_serve,Serve,Flat,short,ad,ad,In,Adi Bitton,deep,out wide,far,-2.620189,9.834394,0.629883,24.036913
Opponent,2,106,19,3,0.075885,0.056165,-4.261719,-0.384622,1.066406,54.334015,first_return,Backhand,Topspin,deep,deuce,ad_alley,In,Adi Bitton,deep,down the line,near,-0.075885,23.713835,-4.261719,-0.384622
Adi Bitton,3,106,19,3,3.623521,4.219058,0.822754,-0.688788,1.314453,40.525299,serve_plus_one,Forehand,Topspin,deep,deuce,deuce,In,Adi Bitton,deep,cross court,far,3.623521,4.219058,-0.822754,24.458788
Opponent,4,106,19,3,0.232276,5.488975,3.935547,0.802878,1.916016,31.478373,return_plus_one,Forehand,Topspin,short,deuce,deuce,In,Adi Bitton,deep,cross court,near,-0.232276,18.281025,3.935547,0.802878
Adi Bitton,5,106,19,3,-2.64779,2.547285,2.255859,1.373712,1.976562,58.499805,in_play,Forehand,Flat,deep,ad,deuce,In,Adi Bitton,deep,down the line,far,-2.64779,2.547285,-2.255859,22.396288
Opponent,6,106,19,3,0.663086,12.098125,-2.751953,-2.447122,1.173828,30.592093,in_play,Backhand,Topspin,short,ad,ad,Net,Opponent,out,cross court,near,-0.663086,11.671875,-2.751953,-2.447122
Adi Bitton,1,107,19,3,3.347497,6.862804,1.558594,-0.329413,2.423828,60.633682,first_serve,Serve,Slice,short,deuce,deuce,In,Opponent,deep,out wide,far,3.347497,6.862804,-1.558594,24.099413
Opponent,2,107,19,3,1.188061,0.064191,4.707031,-0.595559,1.082031,53.844727,first_return,Forehand,Topspin,deep,deuce,deuce_alley,In,Opponent,out,down the line,near,-1.188061,23.705809,4.707031,-0.595559
Adi Bitton,3,107,19,3,-2.39174,23.749752,2.263672,0.373712,0.986816,41.640984,serve_plus_one,Forehand,Topspin,deep,deuce,deuce,Net,Adi Bitton,deep,cross court,far,-2.39174,23.749752,-2.263672,23.396288
Adi Bitton,1,108,19,3,-2.511079,4.639417,-0.517578,-0.188788,2.412109,60.028492,first_serve,Serve,Kick,deep,ad,ad,Out,Adi Bitton,deep,out wide,far,-2.511079,4.639417,0.517578,23.958788
Adi Bitton,1,108,19,3,-2.093333,8.042242,-0.321777,0.686212,2.353516,54.33263,second_serve,Serve,Kick,short,ad,ad,In,Adi Bitton,deep,out wide,far,-2.093333,8.042242,0.321777,23.083788
Opponent,2,108,19,3,-0.070878,-0.052559,-1.976562,-0.634622,1.37793,52.187458,second_return,Forehand,Flat,out,ad,ad,Out,Adi Bitton,out,inside out,near,0.070878,23.822559,-1.976562,-0.634622
Adi Bitton,3,108,19,3,-1.57365,1.901981,0.124817,-0.501288,1.154297,38.09877,serve_plus_one,Forehand,Topspin,deep,ad,deuce,In,Adi Bitton,deep,down the line,far,-1.57365,1.901981,-0.124817,24.271288
Opponent,1,109,20,3,1.611622,7.987579,1.092773,-0.220038,2.25,78.506767,first_serve,Serve,Flat,short,deuce,deuce,In,Adi Bitton,deep,down the T,far,1.611622,7.987579,-1.092773,23.990038
Adi Bitton,2,109,20,3,0.0137,0.021757,1.305664,-0.876809,1.263672,62.995018,first_return,Backhand,Flat,deep,deuce,deuce,In,Adi Bitton,out,inside out,near,-0.0137,23.748243,1.305664,-0.876809
Opponent,3,109,20,3,2.802734,12.039062,0.830078,0.186212,1.204102,31.191984,serve_plus_one,Backhand,Flat,short,ad,deuce,Net,Adi Bitton,deep,inside in,far,2.802734,12.039062,-0.830078,23.583788
Opponent,1,110,20,3,-3.306387,5.474356,-1.242188,0.311212,2.345703,69.501198,first_serve,Serve,Slice,deep,ad,ad,Out,Adi Bitton,deep,out wide,far,-3.306387,5.474356,1.242188,23.458788
Opponent,1,110,20,3,-3.309423,7.819237,-1.041992,0.248712,2.253906,52.567242,second_serve,Serve,Kick,short,ad,ad,In,Adi Bitton,deep,out wide,far,-3.309423,7.819237,1.041992,23.521288
Adi Bitton,2,110,20,3,-3.996567,3.547498,-4.433594,0.349753,1.396484,68.809525,second_return,Backhand,Topspin,deep,ad,ad_alley,In,Opponent,deep,down the line,near,3.996567,20.222502,-4.433594,0.349753
Opponent,1,111,20,3,2.154297,10.867188,0.719727,0.213268,2.136719,41.39389,first_serve,Serve,Flat,short,deuce,deuce,In,Opponent,deep,out wide,far,2.154297,10.867188,-0.719727,23.556732
Opponent,1,111,20,3,2.899087,6.542898,0.95752,-0.220038,2.339844,63.627186,second_serve,Serve,Flat,short,deuce,deuce,In,Opponent,deep,out wide,far,2.899087,6.542898,-0.95752,23.990038
Adi Bitton,2,111,20,3,0.057085,0.001632,3.392578,-0.915872,1.083984,43.416927,second_return,Forehand,Slice,deep,deuce,deuce,In,Opponent,out,cross court,near,-0.057085,23.768368,3.392578,-0.915872
Opponent,3,111,20,3,-2.803723,0.906472,1.595703,0.608087,1.164062,37.329704,serve_plus_one,Forehand,Slice,deep,ad,deuce,In,Opponent,deep,down the line,far,-2.803723,0.906472,-1.595703,23.161913
Adi Bitton,4,111,20,3,-4.117275,5.451799,-3.009766,-1.298684,1.259766,56.511517,return_plus_one,Backhand,Topspin,deep,ad_alley,ad,Out,Opponent,out,down the line,near,4.117275,18.318201,-3.009766,-1.298684
Opponent,1,112,20,3,0.45752,12.164062,-0.344482,0.015504,2.238281,48.686348,first_serve,Serve,Flat,short,ad,ad,Net,Opponent,deep,down the T,far,0.45752,12.164062,0.344482,23.754496
Opponent,1,112,20,3,-3.368862,8.654637,-0.957031,-0.063788,2.318359,53.457298,second_serve,Serve,Slice,short,ad,ad,In,Opponent,deep,out wide,far,-3.368862,8.654637,0.957031,23.833788
Adi Bitton,2,112,20,3,-3.939573,1.17519,-4.53125,-0.361184,1.160156,68.633125,second_return,Backhand,Topspin,deep,ad,ad_alley,In,Opponent,deep,down the line,near,3.939573,22.59481,-4.53125,-0.361184
Opponent,3,112,20,3,0.247787,2.282044,-3.919922,0.686212,0.855469,31.972778,serve_plus_one,Backhand,Flat,deep,deuce,ad,In,Opponent,deep,down the line,far,0.247787,2.282044,3.919922,23.083788
Adi Bitton,4,112,20,3,1.313878,0.016033,-0.404297,-2.93931,1.347656,66.973221,return_plus_one,Forehand,Topspin,deep,deuce,ad,In,Opponent,out,inside in,near,-1.313878,23.753967,-0.404297,-2.93931
Opponent,5,112,20,3,1.11528,8.311898,2.714844,-1.782538,1.416016,45.636684,in_play,Forehand,Topspin,short,deuce,deuce,In,Opponent,out,cross court,far,1.11528,8.311898,-2.714844,25.552538
Adi Bitton,6,112,20,3,2.164062,17.668827,1.015625,2.545065,1.576172,23.60952,in_play,Forehand,Slice,short,ad,deuce,Net,Opponent,deep,down the line,near,-2.164062,6.101173,1.015625,2.545065
Opponent,1,113,20,3,3.45342,7.191866,1.123047,-0.657538,2.255859,80.411865,first_serve,Serve,Flat,short,deuce,deuce,In,Opponent,deep,out wide,far,3.45342,7.191866,-1.123047,24.427538
Adi Bitton,2,113,20,3,0.79248,-1.241168,4.234375,-0.892434,1.03418,44.461277,first_return,Forehand,Slice,out,deuce,deuce_alley,Out,Opponent,out,down the line,near,-0.79248,25.011168,4.234375,-0.892434
Opponent,1,114,20,3,-3.770376,6.946369,-0.841309,-0.626288,1.990234,49.000099,first_serve,Serve,Kick,short,ad,ad,In,Opponent,deep,out wide,far,-3.770376,6.946369,0.841309,24.396288
Adi Bitton,2,114,20,3,2.083984,12.004375,-4.816406,-0.564309,0.987305,33.979908,first_return,Backhand,Topspin,short,ad,ad_alley,Net,Adi Bitton,out,down the line,near,-2.083984,11.765625,-4.816406,-0.564309
Opponent,1,115,20,3,-0.345916,8.998821,0.899414,0.292739,2.373047,89.113625,first_serve,Serve,Flat,short,ad,deuce,Out,Opponent,deep,down the T,far,-0.345916,8.998821,-0.899414,23.477261
Adi Bitton,1,116,21,3,1.478516,12.059062,1.177734,0.240378,2.419922,37.03204,first_serve,Serve,Flat,short,ad,deuce,Net,Opponent,deep,down the T,near,-1.478516,11.710938,1.177734,0.240378
Adi Bitton,1,116,21,3,2.56529,5.512201,1.487305,0.789686,2.279297,58.722858,second_serve,Serve,Slice,short,deuce,deuce,In,Opponent,deep,out wide,near,-2.56529,18.257799,1.487305,0.789686
Opponent,2,116,21,3,3.689734,5.415522,6.007812,0.248712,1.125977,51.987652,second_return,Forehand,Topspin,deep,deuce,deuce_out,In,Opponent,deep,down the line,far,3.689734,5.415522,-6.007812,23.521288
Adi Bitton,3,116,21,3,4.127388,0.059978,3.966797,0.826316,1.097656,53.872402,serve_plus_one,Forehand,Topspin,deep,deuce_alley,deuce,Out,Opponent,deep,down the line,near,-4.127388,23.710022,3.966797,0.826316
Adi Bitton,1,117,21,3,-0.47454,6.413944,-0.039215,-0.20875,2.259766,70.667595,first_serve,Serve,Kick,short,ad,ad,In,Opponent,deep,down the T,near,0.47454,17.356056,-0.039215,-0.20875
Opponent,2,117,21,3,1.044386,6.817319,-0.664062,-0.188788,1.302734,46.791832,first_return,Forehand,Topspin,short,deuce,ad,In,Opponent,deep,inside in,far,1.044386,6.817319,0.664062,23.958788
Adi Bitton,3,117,21,3,1.206055,17.790365,1.75293,0.107566,0.924805,32.142056,serve_plus_one,Forehand,Topspin,short,ad,deuce,Net,Adi Bitton,deep,down the line,near,-1.206055,5.979635,1.75293,0.107566
Adi Bitton,1,118,21,3,2.342508,7.199203,1.336914,0.224753,2.458984,67.650688,first_serve,Serve,Flat,short,deuce,deuce,In,Adi Bitton,deep,out wide,near,-2.342508,16.570797,1.336914,0.224753
Opponent,2,118,21,3,0.69692,6.111944,3.791016,0.279962,1.277344,48.103519,first_return,Forehand,Topspin,short,deuce,deuce,In,Adi Bitton,deep,cross court,far,0.69692,6.111944,-3.791016,23.490038
Adi Bitton,3,118,21,3,-1.941708,5.482337,2.177734,-0.267434,0.947266,55.883282,serve_plus_one,Forehand,Topspin,short,ad,deuce,In,Adi Bitton,deep,down the line,near,1.941708,18.287663,2.177734,-0.267434
Opponent,4,118,21,3,-1.30175,9.666156,-1.592773,-1.126288,0.861816,35.357044,return_plus_one,Backhand,Topspin,short,ad,ad,In,Adi Bitton,deep,cross court,far,-1.30175,9.666156,1.592773,24.896288
Adi Bitton,5,118,21,3,1.127015,1.021295,-2.572266,2.006003,0.560059,36.470295,in_play,Backhand,Slice,deep,deuce,ad,In,Adi Bitton,deep,down the line,near,-1.127015,22.748705,-2.572266,2.006003
Opponent,6,118,21,3,-3.111328,12.398438,1.900391,-1.001288,1.03125,31.837576,in_play,Forehand,Flat,short,deuce,deuce,Net,Adi Bitton,deep,cross court,far,-3.111328,12.398438,-1.900391,24.771288
Adi Bitton,1,119,21,3,-1.549805,17.394388,-0.331299,0.037253,2.242188,37.202724,first_serve,Serve,Kick,short,deuce,ad,Net,Adi Bitton,deep,out wide,near,1.549805,6.375612,-0.331299,0.037253
Adi Bitton,1,119,21,3,-2.147633,5.522867,-0.510254,0.021628,2.21875,55.213097,second_serve,Serve,Kick,short,ad,ad,In,Adi Bitton,deep,down the T,near,2.147633,18.247133,-0.510254,0.021628
Opponent,2,119,21,3,-0.423935,5.468548,-1.443359,-0.720038,1.408203,54.171581,second_return,Forehand,Topspin,deep,ad,ad,In,Adi Bitton,deep,inside out,far,-0.423935,5.468548,1.443359,24.490038
Adi Bitton,3,119,21,3,-1.813959,-3.57683,-2.080078,-1.689309,1.171875,71.917946,serve_plus_one,Backhand,Flat,out,ad,ad,Out,Adi Bitton,out,cross court,near,1.813959,27.34683,-2.080078,-1.689309
Opponent,4,119,21,3,4.4375,18.247248,-1.669922,-0.282538,0.94043,43.557335,return_plus_one,Backhand,Flat,short,ad_alley,ad,Net,Adi Bitton,deep,down the line,far,4.4375,18.247248,1.669922,24.052538
Adi Bitton,1,120,21,3,3.018623,5.496843,1.52832,0.201316,2.445312,67.251595,first_serve,Serve,Slice,short,deuce,deuce,In,Adi Bitton,deep,out wide,near,-3.018623,18.273157,1.52832,0.201316
Opponent,2,120,21,3,2.302514,6.717514,6.019531,0.483087,1.073242,34.633736,first_return,Forehand,Slice,short,deuce,deuce_out,In,Adi Bitton,deep,down the line,far,2.302514,6.717514,-6.019531,23.286913
Adi Bitton,3,120,21,3,-3.513939,1.876516,2.386719,5.025534,1.259766,47.183754,serve_plus_one,Forehand,Topspin,deep,ad,deuce,In,Adi Bitton,short,down the line,near,3.513939,21.893484,2.386719,5.025534
Adi Bitton,1,121,21,3,-2.217254,5.676929,-0.161499,1.357566,2.236328,61.151451,first_serve,Serve,Kick,short,ad,ad,In,Adi Bitton,deep,down the T,near,2.217254,18.093071,-0.161499,1.357566
Opponent,2,121,21,3,1.542036,5.293054,-1.994141,-1.782538,1.212891,53.202251,first_return,Forehand,Topspin,deep,deuce,ad,In,Adi Bitton,out,inside in,far,1.542036,5.293054,1.994141,25.552538
Adi Bitton,3,121,21,3,0.32566,0.080411,0.571289,-1.306497,1.164062,54.696251,serve_plus_one,Forehand,Topspin,deep,deuce,deuce,In,Adi Bitton,out,cross court,near,-0.32566,23.689589,0.571289,-1.306497
Opponent,4,121,21,3,-3.733072,5.500667,2.121094,-2.063788,1.539062,34.954433,return_plus_one,Forehand,Topspin,short,ad,deuce,In,Adi Bitton,out,down the line,far,-3.733072,5.500667,-2.121094,25.833788
Adi Bitton,5,121,21,3,1.802058,0.039947,-4.917969,2.302878,0.885742,64.743607,in_play,Backhand,Topspin,deep,deuce,ad_alley,In,Adi Bitton,deep,down the line,near,-1.802058,23.730053,-4.917969,2.302878
Adi Bitton,1,122,21,3,-2.693911,5.610141,-0.289551,0.021628,2.183594,62.96043,first_serve,Serve,Kick,short,ad,ad,In,Adi Bitton,deep,out wide,near,2.693911,18.159859,-0.289551,0.021628
Opponent,2,122,21,3,0.935698,3.559717,-2.359375,-1.220038,1.193359,52.422379,first_return,Forehand,Topspin,deep,deuce,ad,In,Adi Bitton,out,inside in,far,0.935698,3.559717,2.359375,24.990038
Adi Bitton,3,122,21,3,1.024468,5.482402,-0.115967,-1.970559,1.304688,54.142315,serve_plus_one,Forehand,Topspin,short,deuce,ad,In,Adi Bitton,out,inside in,near,-1.024468,18.287598,-0.115967,-1.970559
Opponent,4,122,21,3,2.503614,3.466267,2.814453,-1.032538,0.776855,55.62479,return_plus_one,Forehand,Flat,deep,deuce,deuce,In,Adi Bitton,deep,cross court,far,2.503614,3.466267,-2.814453,24.802538
Adi Bitton,5,122,21,3,1.080078,5.11375,2.554688,-1.072122,1.069336,48.462486,in_play,Forehand,Topspin,deep,deuce,deuce,In,Adi Bitton,out,cross court,near,-1.080078,18.65625,2.554688,-1.072122
Opponent,6,122,21,3,2.973761,3.68594,2.207031,-0.938788,1.208984,56.64146,in_play,Forehand,Topspin,deep,deuce,deuce,In,Adi Bitton,deep,cross court,far,2.973761,3.68594,-2.207031,24.708788
Adi Bitton,7,122,21,3,-2.112275,2.399757,3.21875,-1.368997,0.961914,60.621929,in_play,Forehand,Topspin,deep,ad,deuce,In,Adi Bitton,out,down the line,near,2.112275,21.370243,3.21875,-1.368997
Opponent,8,122,21,3,3.40144,5.899266,-0.585938,-0.204413,1.213867,54.102558,in_play,Backhand,Topspin,short,deuce,ad,In,Adi Bitton,deep,down the line,far,3.40144,5.899266,0.585938,23.974413
Adi Bitton,9,122,21,3,0.331816,0.045114,3.539062,-1.408059,0.720703,36.361767,in_play,Forehand,Slice,deep,deuce,deuce,In,Adi Bitton,out,cross court,near,-0.331816,23.724886,3.539062,-1.408059
Opponent,10,122,21,3,-1.754412,5.206261,1.344727,-1.829413,1.556641,53.346214,in_play,Backhand,Topspin,deep,ad,deuce,In,Adi Bitton,out,inside in,far,-1.754412,5.206261,-1.344727,25.599413
Adi Bitton,11,122,21,3,-3.198243,3.327455,-2.449219,-1.493997,1.236328,52.642525,in_play,Backhand,Flat,deep,ad,ad,In,Adi Bitton,out,cross court,near,3.198243,20.442545,-2.449219,-1.493997
Opponent,12,122,21,3,-0.556993,5.221337,-3.447266,-0.766913,1.112305,46.771687,in_play,Backhand,Flat,deep,ad,ad,In,Adi Bitton,deep,cross court,far,-0.556993,5.221337,3.447266,24.536913
Adi Bitton,13,122,21,3,-3.546967,0.001632,-2.205078,-1.884622,1.373047,62.596725,in_play,Backhand,Flat,deep,ad,ad,In,Adi Bitton,out,cross court,near,3.546967,23.768368,-2.205078,-1.884622
Opponent,14,122,21,3,6.356919,1.951017,-3.21875,-1.563788,0.563477,34.429039,in_play,Backhand,Slice,deep,deuce_out,ad,Out,Adi Bitton,out,down the line,far,6.356919,1.951017,3.21875,25.333788
Opponent,1,123,22,3,0.686523,18.133047,0.571289,0.021628,2.304688,42.415337,first_serve,Serve,Kick,short,ad,deuce,Net,Adi Bitton,deep,down the T,near,-0.686523,5.636953,0.571289,0.021628
Opponent,1,123,22,3,0.669157,5.546377,0.432861,1.427878,2.283203,57.929859,first_serve,Serve,Kick,short,deuce,deuce,In,Adi Bitton,deep,down the T,near,-0.669157,18.223623,0.432861,1.427878
Opponent,1,123,22,3,0.516012,5.518652,0.504395,1.084128,2.185547,78.250702,second_serve,Serve,Flat,short,deuce,deuce,In,Adi Bitton,deep,down the T,near,-0.516012,18.251348,0.504395,1.084128
Adi Bitton,2,123,22,3,4.033381,2.708117,1.273438,0.701837,1.554688,44.132755,second_return,Backhand,Flat,deep,deuce,deuce,In,Adi Bitton,deep,inside out,far,4.033381,2.708117,-1.273438,23.068163
Opponent,3,123,22,3,-0.062622,6.025526,4.207031,-0.314309,1.320312,47.052975,serve_plus_one,Forehand,Topspin,short,ad,deuce_alley,In,Adi Bitton,deep,down the line,near,0.062622,17.744474,4.207031,-0.314309
Adi Bitton,4,123,22,3,-0.092103,3.406702,0.51123,1.748712,0.969727,33.738335,return_plus_one,Forehand,Slice,deep,ad,deuce,In,Adi Bitton,deep,down the line,far,-0.092103,3.406702,-0.51123,22.021288
Opponent,5,123,22,3,-1.397461,8.504375,-0.754883,-0.665872,1.097656,58.734474,in_play,Backhand,Topspin,short,ad,ad,In,Adi Bitton,out,cross court,near,1.397461,15.265625,-0.754883,-0.665872
Adi Bitton,6,123,22,3,-0.574752,5.442053,-1.397461,7.295587,1.321289,23.382744,in_play,Volley,Flat,deep,ad,ad,In,Adi Bitton,short,cross court,far,-0.574752,5.442053,1.397461,16.474413
Opponent,7,123,22,3,-3.805234,-2.675509,-2.222656,1.427878,1.15332,36.035496,in_play,Backhand,Flat,out,ad,ad,Out,Opponent,deep,cross court,near,3.805234,26.445509,-2.222656,1.427878
Opponent,1,124,22,3,-4.093695,5.576332,-1.25,-0.400247,2.294922,66.315445,first_serve,Serve,Slice,short,ad,ad,In,Opponent,deep,out wide,near,4.093695,18.193668,-1.25,-0.400247
Adi Bitton,2,124,22,3,-4.961899,4.320933,-4.796875,-1.688788,1.224609,33.594814,first_return,Backhand,Slice,deep,ad_alley,ad_alley,Out,Adi Bitton,out,cross court,far,-4.961899,4.320933,4.796875,25.458788
Opponent,1,125,22,3,3.115234,12.559062,0.551758,-0.400247,2.091797,43.585335,first_serve,Serve,Flat,short,ad,deuce,Net,Adi Bitton,deep,out wide,near,-3.115234,11.210938,0.551758,-0.400247
Opponent,1,125,22,3,0.002475,5.490428,0.886719,-0.048684,2.490234,63.032169,second_serve,Serve,Kick,short,deuce,deuce,In,Adi Bitton,deep,down the T,near,-0.002475,18.279572,0.886719,-0.048684
Adi Bitton,2,125,22,3,1.630105,3.036659,1.161133,-0.251288,1.320312,57.608299,second_return,Backhand,Flat,deep,deuce,deuce,In,Adi Bitton,deep,inside out,far,1.630105,3.036659,-1.161133,24.021288
Opponent,3,125,22,3,0.043152,0.020248,0.955078,-2.34556,1.209961,50.115883,serve_plus_one,Forehand,Flat,deep,deuce,deuce,In,Adi Bitton,out,cross court,near,-0.043152,23.749752,0.955078,-2.34556
Adi Bitton,4,125,22,3,0.992447,6.860935,0.438721,-1.282538,1.310547,39.800671,return_plus_one,Backhand,Topspin,short,deuce,deuce,In,Adi Bitton,out,inside out,far,0.992447,6.860935,-0.438721,25.052538
Opponent,5,125,22,3,2.135126,0.033264,-0.221924,0.709128,1.144531,63.765205,in_play,Backhand,Topspin,deep,deuce,ad,In,Adi Bitton,deep,down the line,near,-2.135126,23.736736,-0.221924,0.709128
Adi Bitton,6,125,22,3,2.675854,5.475488,4.027344,-2.141913,1.140625,48.514309,in_play,Forehand,Topspin,deep,deuce,deuce,In,Adi Bitton,out,cross court,far,2.675854,5.475488,-4.027344,25.911913
Opponent,7,125,22,3,1.670341,0.054388,3.367188,-1.267434,1.404297,62.779552,in_play,Forehand,Flat,deep,deuce,deuce,In,Adi Bitton,out,cross court,near,-1.670341,23.715612,3.367188,-1.267434
Adi Bitton,8,125,22,3,2.36781,4.482493,3.376953,-1.595038,0.98291,46.852432,in_play,Forehand,Topspin,deep,deuce,deuce,In,Adi Bitton,out,cross court,far,2.36781,4.482493,-3.376953,25.365038
Opponent,9,125,22,3,-3.14554,2.043108,2.720703,-1.142434,1.580078,60.73468,in_play,Forehand,Flat,deep,ad,deuce,In,Adi Bitton,out,down the line,near,3.14554,21.726892,2.720703,-1.142434
Adi Bitton,10,125,22,3,-0.035664,8.628586,-2.642578,-1.376288,1.126953,52.916725,in_play,Backhand,Topspin,short,ad,ad,In,Adi Bitton,out,cross court,far,-0.035664,8.628586,2.642578,25.146288
Opponent,11,125,22,3,-2.413985,0.009866,-1.507812,-1.033059,0.839355,60.150043,in_play,Backhand,Topspin,deep,ad,ad,In,Adi Bitton,out,cross court,near,2.413985,23.760134,-1.507812,-1.033059
Adi Bitton,12,125,22,3,-1.736643,5.4517,-2.304688,-0.813788,1.117188,57.787834,in_play,Backhand,Topspin,deep,ad,ad,In,Adi Bitton,deep,cross court,far,-1.736643,5.4517,2.304688,24.583788
Opponent,13,125,22,3,3.165407,-12.499154,-3.125,-1.236184,0.985352,76.101189,in_play,Backhand,Flat,out,deuce,ad,Out,Adi Bitton,out,down the line,near,-3.165407,36.269154,-3.125,-1.236184
Opponent,1,126,22,3,-0.577637,5.436422,-1.538086,-0.048684,2.355469,78.912415,first_serve,Serve,Slice,deep,ad,ad,Out,Adi Bitton,deep,down the T,near,0.577637,18.333578,-1.538086,-0.048684
Adi Bitton,2,126,22,3,2.824378,3.124099,-1.458008,-0.376288,1.738281,42.990543,first_return,Forehand,Topspin,deep,deuce,ad,In,Adi Bitton,deep,inside in,far,2.824378,3.124099,1.458008,24.146288
Opponent,1,127,22,3,-3.322687,5.483633,0.360107,0.29714,1.921875,108.052788,first_serve,Serve,Slice,short,ad,deuce,Out,Adi Bitton,short,out wide,near,3.322687,18.286367,0.360107,0.29714
Opponent,1,127,22,3,3.696818,5.476886,0.743164,-0.228372,2.441406,76.454605,first_serve,Serve,Flat,deep,deuce,deuce,Out,Adi Bitton,deep,out wide,near,-3.696818,18.293114,0.743164,-0.228372
Opponent,1,127,22,3,0.963225,5.502433,0.693359,0.154441,2.339844,62.481098,second_serve,Serve,Kick,short,deuce,deuce,In,Adi Bitton,deep,down the T,near,-0.963225,18.267567,0.693359,0.154441
Adi Bitton,2,127,22,3,-0.014843,5.236083,2.867188,-0.188788,1.473633,53.666931,second_return,Forehand,Topspin,deep,ad,deuce,In,Adi Bitton,deep,down the line,far,-0.014843,5.236083,-2.867188,23.958788
Opponent,3,127,22,3,1.619194,0.017389,-0.114014,-2.392435,1.283203,55.519009,serve_plus_one,Forehand,Flat,deep,deuce,ad,In,Adi Bitton,out,inside in,near,-1.619194,23.752611,-0.114014,-2.392435
Adi Bitton,4,127,22,3,1.574898,1.113079,2.921875,-1.720038,1.463867,49.062294,return_plus_one,Forehand,Topspin,deep,deuce,deuce,In,Adi Bitton,out,cross court,far,1.574898,1.113079,-2.921875,25.490038
Opponent,5,127,22,3,3.734485,0.036466,0.820312,-0.595559,1.587891,48.594028,in_play,Backhand,Flat,deep,deuce,deuce,In,Adi Bitton,out,inside out,near,-3.734485,23.733534,0.820312,-0.595559
Adi Bitton,6,127,22,3,2.65007,5.024005,4.488281,-1.438788,1.276367,53.095592,in_play,Forehand,Topspin,deep,deuce,deuce_alley,In,Adi Bitton,out,down the line,far,2.65007,5.024005,-4.488281,25.208788
Opponent,7,127,22,3,-3.905154,0.10197,3.0625,-1.431497,1.238281,61.967087,in_play,Forehand,Flat,deep,ad,deuce,In,Adi Bitton,out,down the line,near,3.905154,23.66803,3.0625,-1.431497
Opponent,1,128,22,3,-3.264834,5.574104,-1.245117,0.212986,2.162109,70.547554,first_serve,Serve,Slice,short,ad,ad,In,Adi Bitton,deep,out wide,near,3.264834,18.195896,-1.245117,0.212986
Adi Bitton,2,128,22,3,-2.49451,5.058586,-2.865234,0.264337,1.310547,46.311867,first_return,Backhand,Topspin,deep,ad,ad,In,Adi Bitton,deep,cross court,far,-2.49451,5.058586,2.865234,23.505663
Opponent,3,128,22,3,0.032839,0.022533,-3.429688,-1.048684,1.228516,62.913044,serve_plus_one,Backhand,Topspin,deep,deuce,ad,In,Adi Bitton,out,down the line,near,-0.032839,23.747467,-3.429688,-1.048684
Adi Bitton,4,128,22,3,2.603418,3.073045,-0.375,-0.985663,1.162109,55.035358,return_plus_one,Forehand,Topspin,deep,deuce,ad,In,Adi Bitton,deep,inside in,far,2.603418,3.073045,0.375,24.755663
Opponent,5,128,22,3,2.162498,0.058027,1.905273,-1.954934,1.136719,66.286255,in_play,Forehand,Flat,deep,deuce,deuce,In,Adi Bitton,out,cross court,near,-2.162498,23.711973,1.905273,-1.954934
Adi Bitton,6,128,22,3,2.754313,5.076719,3.941406,-1.282538,1.15332,54.167744,in_play,Forehand,Topspin,deep,deuce,deuce,In,Adi Bitton,out,cross court,far,2.754313,5.076719,-3.941406,25.052538
Opponent,7,128,22,3,2.708195,0.135862,3.101562,-1.236184,1.193359,65.148132,in_play,Forehand,Flat,deep,deuce,deuce,In,Adi Bitton,out,cross court,near,-2.708195,23.634138,3.101562,-1.236184
Adi Bitton,8,128,22,3,2.795779,4.370591,2.970703,-1.235663,0.646484,38.163872,in_play,Forehand,Topspin,deep,deuce,deuce,In,Adi Bitton,out,cross court,far,2.795779,4.370591,-2.970703,25.005663
Opponent,9,128,22,3,2.137743,0.033264,2.183594,0.076316,1.646484,81.953461,in_play,Forehand,Flat,deep,deuce,deuce,In,Adi Bitton,deep,cross court,near,-2.137743,23.736736,2.183594,0.076316
Adi Bitton,10,128,22,3,4.022696,7.562432,3.951172,-1.407538,1.302734,30.137842,in_play,Forehand,Slice,short,deuce,deuce,In,Adi Bitton,out,cross court,far,4.022696,7.562432,-3.951172,25.177538
Opponent,11,128,22,3,2.904297,11.996562,2.992188,3.533347,1.658203,25.120222,in_play,Forehand,Flat,short,ad,deuce,Net,Adi Bitton,deep,down the line,near,-2.904297,11.773438,2.992188,3.533347
Opponent,1,129,22,3,2.816406,12.160625,0.516113,0.006003,2.373047,46.14954,first_serve,Serve,Flat,short,ad,deuce,Net,Adi Bitton,deep,out wide,near,-2.816406,11.609375,0.516113,0.006003
Opponent,1,129,22,3,1.637828,5.489938,0.722656,0.029441,2.046875,63.038563,second_serve,Serve,Flat,short,deuce,deuce,In,Adi Bitton,deep,down the T,near,-1.637828,18.280062,0.722656,0.029441
Adi Bitton,2,129,22,3,-0.096318,2.202114,3.404297,-0.251288,1.617188,57.609863,second_return,Forehand,Topspin,deep,ad,deuce,In,Adi Bitton,deep,down the line,far,-0.096318,2.202114,-3.404297,24.021288
Opponent,3,129,22,3,1.109375,-0.5425,0.043549,-1.736184,1.587891,41.363235,serve_plus_one,Forehand,Flat,out,deuce,deuce,Out,Adi Bitton,out,cross court,near,-1.109375,24.3125,0.043549,-1.736184
Adi Bitton,1,130,23,3,3.427308,6.892262,1.591797,0.092462,2.369141,65.848869,first_serve,Serve,Kick,short,deuce,deuce,In,Adi Bitton,deep,out wide,far,3.427308,6.892262,-1.591797,23.677538
Opponent,2,130,23,3,-2.471498,3.080656,4.9375,0.506003,1.0625,57.458214,first_return,Forehand,Topspin,deep,ad,deuce_alley,In,Adi Bitton,deep,down the line,near,2.471498,20.689344,4.9375,0.506003
Adi Bitton,3,130,23,3,-1.348187,4.741992,-1.130859,-1.595038,1.253906,49.98201,serve_plus_one,Backhand,Topspin,deep,ad,ad,In,Adi Bitton,out,cross court,far,-1.348187,4.741992,1.130859,25.365038
Opponent,4,130,23,3,-2.973083,0.546661,-2.851562,-2.392435,1.207031,36.565094,return_plus_one,Backhand,Flat,deep,ad,ad,In,Adi Bitton,out,cross court,near,2.973083,23.223339,-2.851562,-2.392435
Adi Bitton,5,130,23,3,-2.040036,5.394297,-2.072266,-0.501288,2.292969,43.377602,in_play,Forehand,Topspin,deep,ad,ad,In,Adi Bitton,deep,inside out,far,-2.040036,5.394297,2.072266,24.271288
Opponent,6,130,23,3,-2.767062,1.942915,-2.966797,0.529441,1.430664,60.842049,in_play,Backhand,Flat,deep,ad,ad,In,Adi Bitton,deep,cross court,near,2.767062,21.827085,-2.966797,0.529441
Adi Bitton,7,130,23,3,-0.526503,7.418167,-3.154297,-1.157538,1.279297,56.482952,in_play,Backhand,Topspin,short,ad,ad,In,Adi Bitton,deep,cross court,far,-0.526503,7.418167,3.154297,24.927538
Adi Bitton,1,131,23,3,-1.108033,11.561437,-0.32251,0.092462,2.291016,46.038197,first_serve,Serve,Flat,short,ad,ad,In,Adi Bitton,deep,down the T,far,-1.108033,11.561437,0.32251,23.677538
Opponent,2,131,23,3,1.450013,5.509725,-2.003906,-1.415872,1.220703,54.607376,first_return,Forehand,Flat,short,deuce,ad,In,Adi Bitton,out,inside in,near,-1.450013,18.260275,-2.003906,-1.415872
Adi Bitton,3,131,23,3,2.851562,1.507812,2.267578,-0.376288,1.115234,58.621799,serve_plus_one,Forehand,Topspin,deep,deuce,deuce,In,Adi Bitton,deep,cross court,far,2.851562,1.507812,-2.267578,24.146288
Opponent,4,131,23,3,1.013799,3.626106,3.398438,-0.361184,1.357422,37.31208,return_plus_one,Forehand,Slice,deep,deuce,deuce,In,Adi Bitton,deep,cross court,near,-1.013799,20.143894,3.398438,-0.361184
Opponent,5,131,23,3,-4.826014,4.926019,0.27832,1.927878,0.253174,30.165895,in_play,Forehand,Slice,deep,ad_alley,deuce,Out,Opponent,deep,down the line,near,4.826014,18.843981,0.27832,1.927878
Adi Bitton,1,132,23,3,2.319954,7.66967,1.293945,-0.454413,2.265625,60.36058,first_serve,Serve,Slice,short,deuce,deuce,In,Opponent,deep,out wide,far,2.319954,7.66967,-1.293945,24.224413
Opponent,2,132,23,3,0.256282,2.513677,4.378906,-0.743997,1.076172,53.145012,first_return,Forehand,Topspin,deep,deuce,deuce_alley,In,Opponent,out,down the line,near,-0.256282,21.256323,4.378906,-0.743997
Adi Bitton,3,132,23,3,-4.638343,7.890362,1.044922,1.076837,1.205078,27.669901,serve_plus_one,Forehand,Slice,short,ad_alley,deuce,Out,Opponent,deep,down the line,far,-4.638343,7.890362,-1.044922,22.693163
Opponent,4,132,23,3,0.152954,3.629375,-3.095703,4.365378,2.654297,28.001312,return_plus_one,Backhand,Topspin,deep,deuce,ad,In,Opponent,deep,down the line,near,-0.152954,20.140625,-3.095703,4.365378
Adi Bitton,1,133,23,3,-2.158203,12.421875,-0.110596,-0.423163,1.980469,35.258049,first_serve,Serve,Flat,short,deuce,ad,Net,Opponent,deep,out wide,far,-2.158203,12.421875,0.110596,24.193163
Adi Bitton,1,133,23,3,-2.030879,7.803745,-0.374512,0.842462,2.40625,45.211594,second_serve,Serve,Kick,short,ad,ad,In,Opponent,deep,down the T,far,-2.030879,7.803745,0.374512,22.927538
Opponent,2,133,23,3,3.70667,4.066032,-1.950195,0.232566,1.566406,68.752167,second_return,Forehand,Topspin,deep,deuce,ad,In,Opponent,deep,inside in,near,-3.70667,19.703968,-1.950195,0.232566
Adi Bitton,1,134,23,3,2.810547,12.179688,1.825195,-0.641913,2.369141,36.333248,first_serve,Serve,Slice,short,ad,deuce,Net,Opponent,deep,out wide,far,2.810547,12.179688,-1.825195,24.411913
Adi Bitton,1,134,23,3,1.908203,11.953125,1.682617,-0.032538,2.121094,30.633604,second_serve,Serve,Kick,short,ad,deuce,Net,Opponent,deep,out wide,far,1.908203,11.953125,-1.682617,23.802538
Adi Bitton,1,135,23,3,-2.416513,7.351063,-0.447021,0.170587,2.355469,55.869995,first_serve,Serve,Kick,short,ad,ad,In,Opponent,deep,out wide,far,-2.416513,7.351063,0.447021,23.599413
Opponent,2,135,23,3,0.060937,3.840639,-2.679688,-0.829934,1.182617,56.848309,first_return,Forehand,Topspin,deep,deuce,ad,In,Opponent,out,inside in,near,-0.060937,19.929361,-2.679688,-0.829934
Adi Bitton,3,135,23,3,2.650391,12.28125,-0.286621,-1.376288,1.412109,38.87759,serve_plus_one,Forehand,Topspin,short,ad,ad,Net,Adi Bitton,out,inside out,far,2.650391,12.28125,0.286621,25.146288
Opponent,1,136,24,3,1.790039,15.40625,0.338867,0.145275,2.162109,130.596954,first_serve,Serve,Slice,short,ad,deuce,Net,Adi Bitton,short,out wide,far,1.790039,15.40625,-0.338867,23.624725
Opponent,1,136,24,3,1.196239,7.652671,1.257812,-0.345038,2.107422,70.382942,second_serve,Serve,Slice,short,deuce,deuce,In,Adi Bitton,deep,down the T,far,1.196239,7.652671,-1.257812,24.115038
Adi Bitton,2,136,24,3,0.631491,3.275449,1.40918,-1.650247,1.214844,55.144753,second_return,Backhand,Flat,deep,deuce,deuce,In,Adi Bitton,out,inside out,near,-0.631491,20.494551,1.40918,-1.650247
Opponent,3,136,24,3,2.354222,3.114696,1.714844,-1.032538,1.454102,48.891678,serve_plus_one,Forehand,Topspin,deep,deuce,deuce,In,Adi Bitton,deep,cross court,far,2.354222,3.114696,-1.714844,24.802538
Adi Bitton,4,136,24,3,2.08977,0.008741,2.695312,-0.783059,1.169922,56.171494,return_plus_one,Forehand,Topspin,deep,deuce,deuce,In,Adi Bitton,out,cross court,near,-2.08977,23.761259,2.695312,-0.783059
Opponent,5,136,24,3,0.36143,2.59136,1.993164,-0.798163,0.904297,43.213745,in_play,Forehand,Flat,deep,deuce,deuce,In,Adi Bitton,deep,cross court,far,0.36143,2.59136,-1.993164,24.568163
Adi Bitton,6,136,24,3,2.601881,0.751745,0.524414,0.123191,1.623047,55.250572,in_play,Forehand,Topspin,deep,deuce,deuce,In,Adi Bitton,deep,cross court,near,-2.601881,23.018255,0.524414,0.123191
Opponent,7,136,24,3,0.55313,3.803838,3.597656,-2.407538,1.109375,44.283691,in_play,Forehand,Slice,deep,deuce,deuce,In,Adi Bitton,out,cross court,far,0.55313,3.803838,-3.597656,26.177538
Adi Bitton,8,136,24,3,1.206913,-0.003592,1.27832,-0.033059,1.027344,68.493408,in_play,Forehand,Topspin,deep,deuce,deuce,In,Adi Bitton,deep,cross court,near,-1.206913,23.773592,1.27832,-0.033059
Opponent,9,136,24,3,-2.213542,3.783398,3.371094,-1.938788,0.946289,39.162781,in_play,Forehand,Slice,deep,ad,deuce,In,Adi Bitton,out,down the line,far,-2.213542,3.783398,-3.371094,25.708788
Adi Bitton,10,136,24,3,-3.300687,0.020248,-2.261719,-0.618997,0.787109,64.035606,in_play,Backhand,Flat,deep,ad,ad,In,Adi Bitton,out,cross court,near,3.300687,23.749752,-2.261719,-0.618997
Opponent,11,136,24,3,-1.514648,12.320312,-3.322266,-1.345038,0.804199,33.13448,in_play,Backhand,Topspin,short,deuce,ad,Net,Opponent,out,down the line,far,-1.514648,12.320312,3.322266,25.115038
Opponent,1,137,24,3,-1.381236,3.837277,-1.223633,-0.329413,2.494141,51.326,first_serve,Serve,Slice,deep,ad,ad,Out,Opponent,deep,down the T,far,-1.381236,3.837277,1.223633,24.099413
Opponent,1,137,24,3,-2.470139,7.931864,-0.786621,-0.126288,2.253906,52.450184,second_serve,Serve,Kick,short,ad,ad,In,Opponent,deep,out wide,far,-2.470139,7.931864,0.786621,23.896288
Adi Bitton,2,137,24,3,4.469362,12.262188,-2.583984,-0.892434,1.462891,37.586319,second_return,Forehand,Topspin,short,ad_alley,ad,Net,Adi Bitton,out,inside in,near,-4.469362,11.507812,-2.583984,-0.892434
Opponent,1,138,24,3,3.036052,6.399765,1.000977,-0.204413,2.271484,76.222786,first_serve,Serve,Flat,short,deuce,deuce,In,Adi Bitton,deep,out wide,far,3.036052,6.399765,-1.000977,23.974413
Adi Bitton,2,138,24,3,0.015426,5.540786,3.335938,-0.462747,0.990723,49.109768,first_return,Forehand,Topspin,short,deuce,deuce,In,Adi Bitton,deep,cross court,near,-0.015426,18.229214,3.335938,-0.462747
Opponent,3,138,24,3,2.758677,1.916139,1.644531,0.170587,1.21875,55.820129,serve_plus_one,Forehand,Topspin,deep,deuce,deuce,In,Adi Bitton,deep,cross court,far,2.758677,1.916139,-1.644531,23.599413
Adi Bitton,4,138,24,3,-2.220005,0.037593,2.632812,-1.142434,1.236328,57.602802,return_plus_one,Forehand,Topspin,deep,ad,deuce,In,Adi Bitton,out,down the line,near,2.220005,23.732407,2.632812,-1.142434
Opponent,5,138,24,3,-0.184207,10.862385,-0.208496,-0.313788,1.527344,36.304996,in_play,Backhand,Topspin,short,ad,ad,In,Adi Bitton,deep,cross court,far,-0.184207,10.862385,0.208496,24.083788
Adi Bitton,6,138,24,3,1.652664,0.135862,-1.390625,0.084128,0.679688,40.892891,in_play,Backhand,Slice,deep,deuce,ad,In,Adi Bitton,deep,down the line,near,-1.652664,23.634138,-1.390625,0.084128
Opponent,7,138,24,3,-0.958462,5.474356,3.503906,-1.470038,1.004883,70.98085,in_play,Forehand,Topspin,deep,ad,deuce,In,Adi Bitton,out,down the line,far,-0.958462,5.474356,-3.503906,25.240038
Adi Bitton,8,138,24,3,0.881348,5.410625,-1.288086,-0.986184,0.677246,56.091042,in_play,Backhand,Flat,deep,deuce,ad,In,Adi Bitton,out,down the line,near,-0.881348,18.359375,-1.288086,-0.986184
Opponent,9,138,24,3,-0.678315,5.48083,0.881348,4.201837,0.563965,21.650688,in_play,Volley,Slice,deep,ad,deuce,In,Adi Bitton,deep,down the line,far,-0.678315,5.48083,-0.881348,19.568163
Adi Bitton,10,138,24,3,-0.069214,8.949688,-1.673828,0.701316,1.0625,58.613209,in_play,Backhand,Flat,short,ad,ad,In,Adi Bitton,deep,cross court,near,0.069214,14.820312,-1.673828,0.701316
Opponent,11,138,24,3,2.057971,6.974072,-0.069214,7.7409,2.234375,18.186579,in_play,Volley,Flat,short,deuce,ad,In,Adi Bitton,short,down the line,far,2.057971,6.974072,0.069214,16.0291
Adi Bitton,12,138,24,3,1.377288,0.032251,0.849121,3.806784,1.450195,68.614693,in_play,Forehand,Topspin,deep,deuce,deuce,In,Opponent,deep,cross court,near,-1.377288,23.737749,0.849121,3.806784
Opponent,1,139,24,3,-3.858882,9.143761,-1.014648,0.139337,2.279297,54.484795,first_serve,Serve,Slice,short,ad,ad,In,Opponent,deep,out wide,far,-3.858882,9.143761,1.014648,23.630663
Adi Bitton,2,139,24,3,2.292969,18.048319,-4.726562,-0.712747,1.206055,37.882591,first_return,Backhand,Topspin,short,ad,ad_alley,Net,Adi Bitton,out,down the line,near,-2.292969,5.721681,-4.726562,-0.712747
Opponent,1,140,24,3,2.050781,12.476562,1.168945,-0.376288,2.304688,44.330704,first_serve,Serve,Flat,short,ad,deuce,Net,Adi Bitton,deep,out wide,far,2.050781,12.476562,-1.168945,24.146288
Opponent,1,140,24,3,3.373578,7.967741,0.980469,0.998712,2.173828,58.04261,second_serve,Serve,Kick,short,deuce,deuce,In,Adi Bitton,deep,out wide,far,3.373578,7.967741,-0.980469,22.771288
Adi Bitton,2,140,24,3,0.636719,5.403356,3.96875,0.349753,1.369141,58.263702,second_return,Forehand,Topspin,deep,deuce,deuce,In,Adi Bitton,deep,cross court,near,-0.636719,18.366644,3.96875,0.349753
Opponent,3,140,24,3,1.887635,4.354355,2.144531,-0.532538,1.330078,47.440365,serve_plus_one,Forehand,Topspin,deep,deuce,deuce,In,Adi Bitton,deep,cross court,far,1.887635,4.354355,-2.144531,24.302538
Adi Bitton,4,140,24,3,3.784741,0.062028,1.294922,-0.665872,1.345703,61.497704,return_plus_one,Forehand,Topspin,deep,deuce,deuce,In,Opponent,out,cross court,near,-3.784741,23.707972,1.294922,-0.665872
Opponent,1,141,24,3,-1.933803,7.707178,-1.001953,0.623712,2.300781,66.530174,first_serve,Serve,Flat,short,ad,ad,In,Opponent,deep,down the T,far,-1.933803,7.707178,1.001953,23.146288
Adi Bitton,2,141,24,3,1.128906,17.631205,-2.583984,-1.962747,1.384766,40.883526,first_return,Forehand,Topspin,short,ad,ad,Net,Adi Bitton,out,inside out,near,-1.128906,6.138795,-2.583984,-1.962747
Opponent,1,142,24,3,0.247314,16.6875,1.366211,0.436212,2.369141,86.707031,first_serve,Serve,Flat,short,ad,deuce,Net,Adi Bitton,deep,down the T,far,0.247314,16.6875,-1.366211,23.333788
Opponent,1,142,24,3,1.350833,5.452641,0.788574,-0.001288,2.207031,51.111961,first_serve,Serve,Flat,deep,deuce,deuce,Out,Adi Bitton,deep,down the T,far,1.350833,5.452641,-0.788574,23.771288
Opponent,1,142,24,3,3.608996,6.725492,0.940918,-0.063788,2.296875,54.386211,second_serve,Serve,Kick,short,deuce,deuce,In,Adi Bitton,deep,out wide,far,3.608996,6.725492,-0.940918,23.833788
Adi Bitton,2,142,24,3,0.094339,0.08389,4.003906,1.451316,1.392578,64.705063,second_return,Forehand,Topspin,deep,deuce,deuce,In,Adi Bitton,deep,cross court,near,-0.094339,23.68611,4.003906,1.451316
Opponent,3,142,24,3,2.633858,4.185918,3.222656,-0.563788,1.006836,49.661877,serve_plus_one,Forehand,Topspin,deep,deuce,deuce,In,Adi Bitton,deep,cross court,far,2.633858,4.185918,-3.222656,24.333788
Adi Bitton,4,142,24,3,2.406475,-0.004401,2.503906,-0.743997,1.287109,68.652649,return_plus_one,Forehand,Topspin,deep,deuce,deuce,In,Adi Bitton,out,cross court,near,-2.406475,23.774401,2.503906,-0.743997
Opponent,5,142,24,3,2.144531,2.40625,4.394531,-1.657538,1.321289,35.509136,in_play,Forehand,Slice,deep,deuce,deuce_alley,In,Adi Bitton,out,down the line,far,2.144531,2.40625,-4.394531,25.427538
Adi Bitton,6,142,24,3,-2.755859,16.175438,2.609375,-0.681497,1.361328,35.091164,in_play,Forehand,Topspin,short,deuce,deuce,Net,Opponent,out,cross court,near,2.755859,7.594562,2.609375,-0.681497
Adi Bitton,1,143,25,3,3.227205,5.5167,1.183594,0.247223,2.164062,66.894806,first_serve,Serve,Slice,short,deuce,deuce,In,Opponent,deep,out wide,near,-3.227205,18.2533,1.183594,0.247223
Opponent,2,143,25,3,-0.747692,3.434321,5.832031,-0.298163,1.100586,38.309422,first_return,Forehand,Flat,deep,ad,deuce_out,In,Opponent,deep,down the line,far,-0.747692,3.434321,-5.832031,24.068163
Adi Bitton,3,143,25,3,-1.367188,13.830604,-0.82666,-0.540872,1.314453,34.217556,serve_plus_one,Backhand,Flat,short,deuce,ad,Net,Adi Bitton,out,down the line,near,1.367188,9.939396,-0.82666,-0.540872
Adi Bitton,1,144,25,3,-2.690816,2.854063,-0.19458,0.810691,2.220703,72.99588,first_serve,Serve,Kick,deep,ad,ad,Out,Adi Bitton,deep,down the T,near,2.690816,20.915937,-0.19458,0.810691
Adi Bitton,1,144,25,3,-3.173571,6.368225,-0.549316,-0.642434,2.193359,63.245716,second_serve,Serve,Kick,short,ad,ad,In,Adi Bitton,out,out wide,near,3.173571,17.401775,-0.549316,-0.642434
Opponent,2,144,25,3,-0.102663,4.214202,-3.027344,-0.923163,1.158203,49.014671,second_return,Backhand,Topspin,deep,ad,ad,In,Adi Bitton,deep,cross court,far,-0.102663,4.214202,3.027344,24.693163
Adi Bitton,3,144,25,3,-3.856589,1.861358,-1.874023,-1.962747,1.460938,58.670734,serve_plus_one,Backhand,Flat,deep,ad,ad,In,Adi Bitton,out,cross court,near,3.856589,21.908642,-1.874023,-1.962747
Opponent,4,144,25,3,-1.930936,2.717522,-3.794922,-1.845038,1.976562,34.439659,return_plus_one,Backhand,Flat,deep,ad,ad,In,Adi Bitton,out,cross court,far,-1.930936,2.717522,3.794922,25.615038
Adi Bitton,5,144,25,3,-0.750977,-1.019993,-2.105469,-1.173684,2.464844,44.62291,in_play,Forehand,Topspin,out,ad,ad,Out,Adi Bitton,out,inside out,near,0.750977,24.789993,-2.105469,-1.173684
Opponent,6,144,25,3,2.400517,7.765071,-0.750977,6.873712,2.011719,23.382744,in_play,Volley,Flat,short,deuce,ad,In,Adi Bitton,short,down the line,far,2.400517,7.765071,0.750977,16.896288
Adi Bitton,7,144,25,3,3.135628,3.333601,3.144531,2.834128,0.595703,30.851534,in_play,Forehand,Slice,deep,deuce,deuce,In,Opponent,deep,cross court,near,-3.135628,20.436399,3.144531,2.834128
Adi Bitton,1,145,25,3,1.669829,5.411121,1.415039,0.045066,2.513672,60.642807,first_serve,Serve,Kick,deep,deuce,deuce,Out,Opponent,deep,down the T,near,-1.669829,18.358879,1.415039,0.045066
Adi Bitton,1,145,25,3,3.293043,5.492454,1.783203,0.787253,2.228516,54.455376,second_serve,Serve,Slice,short,deuce,deuce,In,Opponent,deep,out wide,near,-3.293043,18.277546,1.783203,0.787253
Opponent,2,145,25,3,1.570286,7.679339,5.480469,-0.345038,1.162109,58.993336,second_return,Forehand,Topspin,short,deuce,deuce_alley,In,Opponent,deep,down the line,far,1.570286,7.679339,-5.480469,24.115038
Adi Bitton,3,145,25,3,-3.46032,1.512794,2.183594,-0.892434,0.817383,57.522362,serve_plus_one,Forehand,Topspin,deep,ad,deuce,In,Opponent,out,down the line,near,3.46032,22.257206,2.183594,-0.892434
Opponent,4,145,25,3,0.61377,5.558846,-3.050781,-2.157538,1.359375,31.732405,return_plus_one,Backhand,Flat,short,deuce,ad,In,Adi Bitton,out,down the line,far,0.61377,5.558846,3.050781,25.927538
Adi Bitton,1,146,25,3,-2.484175,5.487113,-0.796387,-0.540872,2.160156,68.746658,first_serve,Serve,Kick,short,ad,ad,In,Adi Bitton,out,out wide,near,2.484175,18.282887,-0.796387,-0.540872
Opponent,2,146,25,3,1.900662,5.440823,-1.696289,-0.954413,1.15625,45.759785,first_return,Forehand,Topspin,deep,deuce,ad,In,Adi Bitton,deep,inside in,far,1.900662,5.440823,1.696289,24.724413
Adi Bitton,3,146,25,3,-3.360404,5.51136,0.913086,0.334128,1.445312,62.191875,serve_plus_one,Forehand,Topspin,short,ad,deuce,In,Adi Bitton,deep,down the line,near,3.360404,18.25864,0.913086,0.334128
Adi Bitton,1,147,25,3,1.682691,5.4957,1.333008,0.279441,2.421875,65.898491,first_serve,Serve,Flat,short,deuce,deuce,In,Adi Bitton,deep,down the T,near,-1.682691,18.2743,1.333008,0.279441
Opponent,2,147,25,3,2.136952,4.238439,4.074219,0.248712,1.268555,50.409412,first_return,Forehand,Topspin,deep,deuce,deuce,In,Adi Bitton,deep,cross court,far,2.136952,4.238439,-4.074219,23.521288
Adi Bitton,3,147,25,3,0.050919,0.04376,1.941406,-1.111184,1.117188,66.095528,serve_plus_one,Forehand,Topspin,deep,deuce,deuce,In,Adi Bitton,out,cross court,near,-0.050919,23.72624,1.941406,-1.111184
Opponent,4,147,25,3,-1.834072,1.814006,1.216797,-1.470038,1.34668,50.445805,return_plus_one,Backhand,Topspin,deep,ad,deuce,In,Adi Bitton,out,inside in,far,-1.834072,1.814006,-1.216797,25.240038
Adi Bitton,5,147,25,3,-1.819676,0.066478,-2.513672,-1.954934,1.318359,55.155949,in_play,Backhand,Flat,deep,ad,ad,In,Adi Bitton,out,cross court,near,1.819676,23.703522,-2.513672,-1.954934
Opponent,6,147,25,3,3.68496,7.121649,-0.794922,-0.360663,1.228516,45.481632,in_play,Backhand,Flat,short,deuce,ad,In,Adi Bitton,deep,down the line,far,3.68496,7.121649,0.794922,24.130663
Adi Bitton,7,147,25,3,2.528919,0.031265,3.695312,-0.275247,0.461182,57.762749,in_play,Forehand,Topspin,deep,deuce,deuce,In,Adi Bitton,deep,cross court,near,-2.528919,23.738735,3.695312,-0.275247
Opponent,8,147,25,3,3.911413,3.747097,3.994141,-1.813788,1.082031,59.701111,in_play,Forehand,Topspin,deep,deuce,deuce,In,Adi Bitton,out,cross court,far,3.911413,3.747097,-3.994141,25.583788
Adi Bitton,9,147,25,3,-1.362623,5.508157,4.460938,-1.353372,0.943848,33.898979,in_play,Forehand,Slice,short,ad,deuce_alley,In,Adi Bitton,out,down the line,near,1.362623,18.261843,4.460938,-1.353372
Opponent,10,147,25,3,1.088867,12.445312,0.834473,3.186212,1.451172,39.311562,in_play,Backhand,Flat,short,ad,deuce,Net,Opponent,deep,inside in,far,1.088867,12.445312,-0.834473,20.583788
Adi Bitton,1,148,25,3,-2.835743,5.514471,0.075745,-0.044706,2.183594,74.534821,first_serve,Serve,Kick,short,ad,ad,In,Opponent,deep,out wide,near,2.835743,18.255529,0.075745,-0.044706
Opponent,2,148,25,3,-0.255836,3.034153,-1.802734,-0.376288,1.683594,49.969952,first_return,Forehand,Topspin,deep,ad,ad,In,Opponent,deep,inside out,far,-0.255836,3.034153,1.802734,24.146288
Adi Bitton,3,148,25,3,2.067805,0.059978,-1.758789,-1.579934,1.058594,49.813202,serve_plus_one,Backhand,Flat,deep,deuce,ad,In,Opponent,out,down the line,near,-2.067805,23.710022,-1.758789,-1.579934
Opponent,4,148,25,3,2.648018,1.955972,3.107422,-1.845038,1.163086,47.131924,return_plus_one,Forehand,Flat,deep,deuce,deuce,In,Opponent,out,cross court,far,2.648018,1.955972,-3.107422,25.615038
Adi Bitton,5,148,25,3,0.296113,0.0258,2.257812,-1.259622,1.189453,64.177528,in_play,Forehand,Topspin,deep,deuce,deuce,In,Opponent,out,cross court,near,-0.296113,23.7442,2.257812,-1.259622
Opponent,6,148,25,3,-0.023193,4.356405,2.898438,-1.360663,1.079102,57.039276,in_play,Forehand,Topspin,deep,ad,deuce,In,Opponent,out,down the line,far,-0.023193,4.356405,-2.898438,25.130663
Adi Bitton,7,148,25,3,-1.999145,-4.902678,-0.750488,-2.048685,1.017578,59.937958,in_play,Backhand,Flat,out,ad,ad,Out,Adi Bitton,out,cross court,near,1.999145,28.672678,-0.750488,-2.048685
Adi Bitton,1,149,25,3,-2.906601,5.555303,-0.495605,0.896628,2.238281,63.771404,first_serve,Serve,Kick,short,ad,ad,In,Adi Bitton,deep,out wide,near,2.906601,18.214697,-0.495605,0.896628
Opponent,2,149,25,3,-1.190888,9.822428,-2.414062,-0.532538,1.111328,29.360128,first_return,Backhand,Topspin,short,ad,ad,In,Adi Bitton,deep,cross court,far,-1.190888,9.822428,2.414062,24.302538
Adi Bitton,3,149,25,3,-2.329248,6.040018,-3.710938,-0.704934,0.9375,54.788689,serve_plus_one,Backhand,Topspin,short,ad,ad,In,Adi Bitton,out,cross court,near,2.329248,17.729982,-3.710938,-0.704934
Opponent,4,149,25,3,-3.33408,-0.005113,-4.140625,-1.235663,0.986328,45.19838,return_plus_one,Backhand,Topspin,out,ad,ad_alley,Out,Adi Bitton,out,down the line,far,-3.33408,-0.005113,4.140625,25.005663
Adi Bitton,5,149,25,3,3.120054,7.883546,-3.095703,-1.540872,1.419922,51.318443,in_play,Backhand,Topspin,short,deuce,ad,In,Opponent,out,down the line,near,-3.120054,15.886454,-3.095703,-1.540872
Opponent,1,150,26,3,0.147705,10.105938,0.79248,0.427212,2.191406,60.772655,first_serve,Serve,Kick,short,deuce,deuce,In,Opponent,deep,down the T,near,-0.147705,13.664062,0.79248,0.427212
Adi Bitton,2,150,26,3,2.488809,7.289004,0.593262,-0.220038,1.636719,37.504704,first_return,Backhand,Topspin,short,deuce,deuce,In,Opponent,deep,inside out,far,2.488809,7.289004,-0.593262,23.990038
Opponent,3,150,26,3,0.096318,0.045114,1.775391,1.060691,0.997559,60.435398,serve_plus_one,Forehand,Flat,deep,deuce,deuce,In,Opponent,deep,cross court,near,-0.096318,23.724886,1.775391,1.060691
Adi Bitton,4,150,26,3,-0.045577,5.029051,2.414062,-1.360663,0.883789,36.234718,return_plus_one,Forehand,Topspin,deep,ad,deuce,In,Opponent,out,down the line,far,-0.045577,5.029051,-2.414062,25.130663
Opponent,5,150,26,3,3.827887,0.074245,-0.756348,-3.173685,1.486328,55.640919,in_play,Backhand,Topspin,deep,deuce,ad,In,Opponent,out,down the line,near,-3.827887,23.695755,-0.756348,-3.173685
Adi Bitton,6,150,26,3,4.333701,5.924369,3.701172,-1.470038,1.767578,45.062416,in_play,Forehand,Topspin,short,deuce_alley,deuce,Out,Opponent,out,down the line,far,4.333701,5.924369,-3.701172,25.240038
Adi Bitton,7,150,26,3,0.24585,15.453125,0.616211,5.123712,2.037109,19.918634,in_play,Volley,Flat,short,ad,deuce,Net,Opponent,short,down the line,far,0.24585,15.453125,-0.616211,18.646288
Opponent,1,151,26,3,-4.067738,6.371496,-1.228516,0.846746,2.087891,66.008125,first_serve,Serve,Slice,short,ad,ad,In,Opponent,deep,out wide,near,4.067738,17.398504,-1.228516,0.846746
Adi Bitton,2,151,26,3,0.383301,12.539062,-5.09375,-1.345038,1.133789,32.995144,first_return,Backhand,Flat,short,ad,ad_alley,Net,Opponent,out,down the line,far,0.383301,12.539062,5.09375,25.115038
Opponent,1,152,26,3,1.896484,12.012188,0.201172,0.285384,2.121094,40.056225,first_serve,Serve,Flat,short,ad,deuce,Net,Opponent,deep,out wide,near,-1.896484,11.757812,0.201172,0.285384
Opponent,1,152,26,3,1.868137,5.499231,0.817383,0.193503,2.503906,66.015701,second_serve,Serve,Kick,short,deuce,deuce,In,Opponent,deep,down the T,near,-1.868137,18.270769,0.817383,0.193503
Adi Bitton,2,152,26,3,-0.03977,3.727371,4.0625,-0.845038,1.243164,63.97044,second_return,Forehand,Topspin,deep,ad,deuce,In,Opponent,deep,down the line,far,-0.03977,3.727371,-4.0625,24.615038
Opponent,3,152,26,3,-4.07543,5.616275,0.592285,-1.572122,1.105469,51.624516,serve_plus_one,Forehand,Topspin,short,ad,deuce,In,Opponent,out,down the line,near,4.07543,18.153725,0.592285,-1.572122
Opponent,1,153,26,3,-2.315149,5.505193,-1.352539,0.576316,2.207031,82.090019,first_serve,Serve,Slice,short,ad,ad,In,Opponent,deep,down the T,near,2.315149,18.264807,-1.352539,0.576316
Adi Bitton,2,153,26,3,3.273583,-0.055452,-2.039062,0.311212,1.517578,45.539608,first_return,Forehand,Topspin,out,deuce,ad,Out,Opponent,deep,inside in,far,3.273583,-0.055452,2.039062,23.458788
Opponent,3,153,26,3,-1.349609,11.77,2.609375,-2.087747,1.222656,30.143717,serve_plus_one,Forehand,Flat,short,ad,deuce,In,Opponent,out,down the line,near,1.349609,12,2.609375,-2.087747
Opponent,1,154,26,3,0.693359,5.428117,0.730469,-0.087747,2.337891,74.263718,first_serve,Serve,Flat,deep,deuce,deuce,Out,Opponent,deep,down the T,near,-0.693359,18.341883,0.730469,-0.087747
Adi Bitton,2,154,26,3,2.832004,-0.932872,0.918457,0.404962,1.660156,44.259346,first_return,Backhand,Flat,out,deuce,deuce,Out,Adi Bitton,deep,inside out,far,2.832004,-0.932872,-0.918457,23.365038
Adi Bitton,1,155,27,3,4.355215,5.415522,1.854492,-0.641913,2.353516,56.415157,first_serve,Serve,Slice,deep,deuce_alley,deuce,Out,Adi Bitton,deep,out wide,far,4.355215,5.415522,-1.854492,24.411913
Adi Bitton,1,155,27,3,3.46468,5.935809,1.737305,-0.907538,2.136719,50.855618,second_serve,Serve,Slice,short,deuce,deuce,In,Adi Bitton,deep,out wide,far,3.46468,5.935809,-1.737305,24.677538
Opponent,2,155,27,3,1.791992,5.419574,4.03125,0.537253,1.548828,56.19976,second_return,Forehand,Flat,deep,deuce,deuce,In,Adi Bitton,deep,cross court,near,-1.791992,18.350426,4.03125,0.537253
Adi Bitton,3,155,27,3,2.901821,4.243784,3.880859,-0.157538,1.107422,46.424873,serve_plus_one,Forehand,Topspin,deep,deuce,deuce,In,Adi Bitton,deep,cross court,far,2.901821,4.243784,-3.880859,23.927538
Opponent,4,155,27,3,-3.638578,4.219024,3.160156,0.490378,1.548828,50.964668,return_plus_one,Forehand,Flat,deep,ad,deuce,In,Adi Bitton,deep,down the line,near,3.638578,19.550976,3.160156,0.490378
Adi Bitton,5,155,27,3,-4.03125,6.042969,-3.261719,0.061212,1.396484,33.10709,in_play,Backhand,Slice,short,ad,ad,In,Adi Bitton,deep,cross court,far,-4.03125,6.042969,3.261719,23.708788
Adi Bitton,1,156,27,3,-2.411977,5.470381,-0.482666,-0.063788,2.455078,57.217899,first_serve,Serve,Flat,deep,ad,ad,Out,Adi Bitton,deep,out wide,far,-2.411977,5.470381,0.482666,23.833788
Adi Bitton,1,156,27,3,-1.951408,8.212997,-0.361816,1.279962,2.332031,49.040718,second_serve,Serve,Kick,short,ad,ad,In,Adi Bitton,deep,down the T,far,-1.951408,8.212997,0.361816,22.490038
Opponent,2,156,27,3,3.462757,4.877613,-1.514648,0.396628,1.452148,53.657234,second_return,Forehand,Flat,deep,deuce,ad,In,Adi Bitton,deep,inside in,near,-3.462757,18.892387,-1.514648,0.396628
Adi Bitton,3,156,27,3,1.008998,7.342012,3.744141,-1.360663,1.249023,38.584194,serve_plus_one,Forehand,Topspin,short,deuce,deuce,In,Adi Bitton,out,cross court,far,1.008998,7.342012,-3.744141,25.130663
Opponent,4,156,27,3,-2.302969,7.351448,2.289062,2.802878,1.404297,28.338957,return_plus_one,Forehand,Slice,short,ad,deuce,In,Adi Bitton,deep,down the line,near,2.302969,16.418552,2.289062,2.802878
Adi Bitton,5,156,27,3,-1.966797,8.617188,-2.333984,2.936212,0.813477,44.378906,in_play,Backhand,Flat,short,ad,ad,In,Adi Bitton,deep,cross court,far,-1.966797,8.617188,2.333984,20.833788
Opponent,6,156,27,3,1.333984,8.145,-1.966797,8.091941,0.692871,21.192854,in_play,Volley,Flat,short,deuce,ad,In,Adi Bitton,short,down the line,near,-1.333984,15.625,-1.966797,8.091941
Adi Bitton,7,156,27,3,1.978085,5.895165,1.333984,6.936212,1.213867,23.382744,in_play,Volley,Slice,short,deuce,deuce,In,Opponent,short,cross court,far,1.978085,5.895165,-1.333984,16.833788
Adi Bitton,1,157,27,3,3.575971,7.368643,2.1875,-0.126288,2.388672,59.075573,first_serve,Serve,Slice,short,deuce,deuce,In,Opponent,deep,out wide,far,3.575971,7.368643,-2.1875,23.896288
Opponent,2,157,27,3,1.304159,5.504486,4.136719,-0.345559,1.128906,68.034889,first_return,Forehand,Topspin,short,deuce,deuce_alley,In,Opponent,deep,down the line,near,-1.304159,18.265514,4.136719,-0.345559
Adi Bitton,3,157,27,3,-3.369141,16.945641,4.414062,0.623712,1.245117,32.650223,serve_plus_one,Forehand,Flat,short,deuce,deuce_alley,Net,Adi Bitton,deep,down the line,far,-3.369141,16.945641,-4.414062,23.146288
Adi Bitton,1,158,27,3,-0.692184,10.176251,-0.10144,0.045587,2.376953,65.866959,first_serve,Serve,Flat,short,ad,ad,In,Adi Bitton,deep,down the T,far,-0.692184,10.176251,0.10144,23.724413
Opponent,2,158,27,3,-1.446289,12.254375,-2.386719,-1.884622,1.177734,34.563385,first_return,Forehand,Topspin,short,deuce,ad,Net,Adi Bitton,out,inside in,near,1.446289,11.515625,-2.386719,-1.884622
Adi Bitton,1,159,27,3,3.640617,7.623377,1.599609,-0.688788,2.355469,62.783272,first_serve,Serve,Slice,short,deuce,deuce,In,Adi Bitton,deep,out wide,far,3.640617,7.623377,-1.599609,24.458788
Opponent,2,159,27,3,0.436841,5.505914,4.894531,-0.236184,0.989258,52.403633,first_return,Forehand,Topspin,short,deuce,deuce_alley,In,Adi Bitton,deep,down the line,near,-0.436841,18.264086,4.894531,-0.236184
Adi Bitton,3,159,27,3,1.399343,9.857563,3.873047,1.623712,0.924805,42.503632,serve_plus_one,Forehand,Topspin,short,deuce,deuce,In,Adi Bitton,deep,cross court,far,1.399343,9.857563,-3.873047,22.146288
Opponent,4,159,27,3,-1.99707,15.103797,2.013672,0.466941,0.276611,32.071201,return_plus_one,Forehand,Slice,short,deuce,deuce,Net,Opponent,deep,cross court,near,1.99707,8.666203,2.013672,0.466941
Adi Bitton,1,160,27,3,-0.415771,17.84375,-0.406982,-0.423163,2.207031,67.610252,first_serve,Serve,Flat,short,deuce,ad,Net,Opponent,deep,down the T,far,-0.415771,17.84375,0.406982,24.193163
Adi Bitton,1,160,27,3,-3.082416,8.438614,-0.125366,1.467462,2.291016,48.131657,second_serve,Serve,Flat,short,ad,ad,In,Opponent,deep,out wide,far,-3.082416,8.438614,0.125366,22.302538
Opponent,2,160,27,3,-1.513761,0.022533,-3.882812,-0.283059,0.834961,55.478001,second_return,Backhand,Flat,deep,ad,ad,In,Opponent,deep,cross court,near,1.513761,23.747467,-3.882812,-0.283059
Adi Bitton,3,160,27,3,2.465441,7.727551,-1.964844,-1.235663,1.351562,34.387032,serve_plus_one,Backhand,Flat,short,deuce,ad,In,Opponent,out,down the line,far,2.465441,7.727551,1.964844,25.005663
Opponent,4,160,27,3,3.087602,3.028072,2.003906,1.474753,1.302734,68.173294,return_plus_one,Forehand,Topspin,deep,deuce,deuce,In,Adi Bitton,deep,cross court,near,-3.087602,20.741928,2.003906,1.474753
Adi Bitton,1,161,27,3,-1.720823,6.762016,-0.427979,0.592462,2.380859,59.002789,first_serve,Serve,Kick,short,ad,ad,In,Adi Bitton,deep,down the T,far,-1.720823,6.762016,0.427979,23.177538
Opponent,2,161,27,3,-0.451669,5.001884,-1.828125,-1.087747,1.333008,51.451622,first_return,Forehand,Flat,deep,ad,ad,In,Adi Bitton,out,inside out,near,0.451669,18.768116,-1.828125,-1.087747
Adi Bitton,3,161,27,3,1.825107,3.15966,-0.734863,-1.001288,1.398438,66.628448,serve_plus_one,Forehand,Topspin,deep,deuce,ad,In,Adi Bitton,deep,inside in,far,1.825107,3.15966,0.734863,24.771288
Opponent,4,161,27,3,0.844642,3.089288,2.140625,-2.275247,1.007812,55.629612,return_plus_one,Forehand,Flat,deep,deuce,deuce,In,Adi Bitton,out,cross court,near,-0.844642,20.680712,2.140625,-2.275247
Adi Bitton,5,161,27,3,1.952402,2.3741,1.65918,-0.501288,1.128906,46.673016,in_play,Forehand,Topspin,deep,deuce,deuce,In,Adi Bitton,deep,cross court,far,1.952402,2.3741,-1.65918,24.271288
Opponent,6,161,27,3,1.430902,0.713058,2.369141,-2.087747,1.527344,49.860683,in_play,Forehand,Topspin,deep,deuce,deuce,In,Adi Bitton,out,cross court,near,-1.430902,23.056942,2.369141,-2.087747
Adi Bitton,7,161,27,3,1.915485,5.633586,2.427734,-0.938788,1.632812,48.622734,in_play,Forehand,Topspin,short,deuce,deuce,In,Adi Bitton,deep,cross court,far,1.915485,5.633586,-2.427734,24.708788
Opponent,8,161,27,3,0.620876,4.33669,2.820312,-1.181497,1.21582,60.115677,in_play,Forehand,Topspin,deep,deuce,deuce,In,Adi Bitton,out,cross court,near,-0.620876,19.43331,2.820312,-1.181497
Adi Bitton,9,161,27,3,1.108747,4.777455,2.193359,-0.423163,0.966797,43.445026,in_play,Forehand,Topspin,deep,deuce,deuce,In,Adi Bitton,deep,cross court,far,1.108747,4.777455,-2.193359,24.193163
Opponent,10,161,27,3,1.626988,2.163612,1.50293,-0.876809,1.422852,62.482346,in_play,Forehand,Flat,deep,deuce,deuce,In,Adi Bitton,out,cross court,near,-1.626988,21.606388,1.50293,-0.876809
Adi Bitton,11,161,27,3,-0.786961,6.205889,2.486328,-0.595038,0.857422,37.152409,in_play,Forehand,Topspin,short,ad,deuce,In,Adi Bitton,deep,down the line,far,-0.786961,6.205889,-2.486328,24.365038
Opponent,12,161,27,3,2.845323,2.085756,-0.418701,-1.876809,1.274414,67.740952,in_play,Forehand,Topspin,deep,deuce,ad,In,Adi Bitton,out,inside in,near,-2.845323,21.684244,-0.418701,-1.876809
Adi Bitton,13,161,27,3,2.333655,2.250487,3.693359,-1.313788,1.515625,33.792713,in_play,Forehand,Slice,deep,deuce,deuce,In,Adi Bitton,out,cross court,far,2.333655,2.250487,-3.693359,25.083788
Opponent,14,161,27,3,-3.561815,3.339645,2.369141,-1.072122,1.564453,67.222916,in_play,Forehand,Topspin,deep,ad,deuce,In,Adi Bitton,out,down the line,near,3.561815,20.430355,2.369141,-1.072122
Adi Bitton,15,161,27,3,-4.083739,9.740784,-3.027344,-0.845038,1.525391,27.935322,in_play,Backhand,Slice,short,ad,ad,In,Adi Bitton,deep,cross court,far,-4.083739,9.740784,3.027344,24.615038
Opponent,16,161,27,3,-9.013733,0.066478,-4.285156,3.193503,1.59375,69.708839,in_play,Backhand,Topspin,deep,ad_out,ad_alley,Out,Adi Bitton,deep,down the line,near,9.013733,23.703522,-4.285156,3.193503
Opponent,1,162,28,3,2.25,14.171875,0.76416,0.951873,2.066406,58.633137,first_serve,Serve,Flat,short,ad,deuce,Net,Adi Bitton,deep,out wide,far,2.25,14.171875,-0.76416,22.818127
Opponent,1,162,28,3,1.30092,6.594544,1.06543,0.014337,2.169922,73.241264,second_serve,Serve,Slice,short,deuce,deuce,In,Adi Bitton,deep,down the T,far,1.30092,6.594544,-1.06543,23.755663
Adi Bitton,2,162,28,3,-1.168225,6.960088,1.709961,-1.743997,1.234375,49.765995,second_return,Backhand,Flat,short,ad,deuce,In,Adi Bitton,out,inside in,near,1.168225,16.809912,1.709961,-1.743997
Opponent,3,162,28,3,-2.465973,4.745229,-0.814453,0.326837,0.834961,45.204163,serve_plus_one,Backhand,Topspin,deep,ad,ad,In,Adi Bitton,deep,cross court,far,-2.465973,4.745229,0.814453,23.443163
Adi Bitton,4,162,28,3,-1.922282,0.08082,-3.236328,-0.829934,1.101562,51.178234,return_plus_one,Backhand,Topspin,deep,ad,ad,In,Adi Bitton,out,cross court,near,1.922282,23.68918,-3.236328,-0.829934
Opponent,5,162,28,3,-3.65625,-0.77435,-2.320312,-1.313788,1.175781,36.289875,in_play,Backhand,Topspin,out,ad,ad,Out,Adi Bitton,out,cross court,far,-3.65625,-0.77435,2.320312,25.083788
Opponent,1,163,28,3,0.072571,13.148438,-0.782715,0.561212,2.248047,29.121986,first_serve,Serve,Flat,short,ad,ad,Net,Adi Bitton,deep,down the T,far,0.072571,13.148438,0.782715,23.208788
Opponent,1,163,28,3,-1.596168,7.468845,-1.334961,0.201837,2.320312,78.891289,second_serve,Serve,Flat,short,ad,ad,In,Adi Bitton,deep,down the T,far,-1.596168,7.468845,1.334961,23.568163
Adi Bitton,2,163,28,3,1.44463,3.17958,-3.029297,-1.798684,1.212891,48.642464,second_return,Backhand,Topspin,deep,deuce,ad,In,Adi Bitton,out,down the line,near,-1.44463,20.59042,-3.029297,-1.798684
Opponent,3,163,28,3,2.589035,3.908757,1.182617,0.279962,1.6875,61.265446,serve_plus_one,Forehand,Flat,deep,deuce,deuce,In,Adi Bitton,deep,cross court,far,2.589035,3.908757,-1.182617,23.490038
Adi Bitton,4,163,28,3,0.888925,2.395612,3.490234,-1.501809,0.839844,51.176605,return_plus_one,Forehand,Flat,deep,deuce,deuce,In,Adi Bitton,out,cross court,near,-0.888925,21.374388,3.490234,-1.501809
Opponent,5,163,28,3,-2.398438,16.000246,1.664062,-0.110663,0.940918,27.780291,in_play,Forehand,Slice,short,deuce,deuce,Net,Adi Bitton,deep,cross court,far,-2.398438,16.000246,-1.664062,23.880663
Opponent,1,164,28,3,3.199183,6.346407,0.966797,0.217462,2.185547,79.818153,first_serve,Serve,Flat,short,deuce,deuce,In,Adi Bitton,deep,out wide,far,3.199183,6.346407,-0.966797,23.552538
Adi Bitton,2,164,28,3,0.488567,2.897857,4.078125,-0.517434,1.207031,51.022884,first_return,Forehand,Slice,deep,deuce,deuce,In,Adi Bitton,deep,cross court,near,-0.488567,20.872143,4.078125,-0.517434
Opponent,3,164,28,3,1.34998,4.295355,2.027344,-0.110663,1.304688,50.342979,serve_plus_one,Forehand,Topspin,deep,deuce,deuce,In,Adi Bitton,deep,cross court,far,1.34998,4.295355,-2.027344,23.880663
Adi Bitton,4,164,28,3,-2.505139,-0.283003,1.954102,-1.017434,1.166016,58.063297,return_plus_one,Forehand,Topspin,out,ad,deuce,Out,Adi Bitton,out,down the line,near,2.505139,24.053003,1.954102,-1.017434
Opponent,5,164,28,3,0.981936,4.130345,-2.119141,-1.751288,0.43457,49.378468,in_play,Backhand,Topspin,deep,deuce,ad,In,Adi Bitton,out,down the line,far,0.981936,4.130345,2.119141,25.521288
Adi Bitton,6,164,28,3,4.084599,0.034303,0.42749,-1.025247,1.386719,69.072037,in_play,Forehand,Topspin,deep,deuce,deuce,In,Opponent,out,cross court,near,-4.084599,23.735697,0.42749,-1.025247
Opponent,1,165,28,3,-3.109666,7.480227,-1.295898,0.014337,2.328125,67.122917,first_serve,Serve,Slice,short,ad,ad,In,Opponent,deep,out wide,far,-3.109666,7.480227,1.295898,23.755663
Adi Bitton,2,165,28,3,-4.516452,5.059351,-4.449219,-0.618997,1.051758,45.103767,first_return,Backhand,Topspin,deep,ad_alley,ad_alley,Out,Adi Bitton,out,cross court,near,4.516452,18.710649,-4.449219,-0.618997
Opponent,1,166,28,3,1.624023,14.3125,0.969727,0.59184,2.230469,57.554783,first_serve,Serve,Flat,short,ad,deuce,Net,Adi Bitton,deep,out wide,far,1.624023,14.3125,-0.969727,23.17816
Opponent,1,166,28,3,3.230833,4.469596,0.982422,0.436212,2.349609,76.639725,first_serve,Serve,Flat,deep,deuce,deuce,Out,Adi Bitton,deep,out wide,far,3.230833,4.469596,-0.982422,23.333788
Opponent,1,166,28,3,2.061524,7.124348,1.254883,-0.501288,2.265625,58.960926,second_serve,Serve,Kick,short,deuce,deuce,In,Adi Bitton,deep,down the T,far,2.061524,7.124348,-1.254883,24.271288
Adi Bitton,2,166,28,3,-2.210548,5.413024,2.835938,-0.314309,1.344727,48.247917,second_return,Forehand,Topspin,deep,ad,deuce,In,Adi Bitton,deep,down the line,near,2.210548,18.356976,2.835938,-0.314309
Opponent,3,166,28,3,-1.936578,6.114189,-1.30957,-1.345038,1.582031,47.071316,serve_plus_one,Backhand,Topspin,short,ad,ad,In,Adi Bitton,out,cross court,far,-1.936578,6.114189,1.30957,25.115038
Adi Bitton,4,166,28,3,-4.110586,1.45869,-2.494141,-1.017434,1.197266,53.048817,return_plus_one,Backhand,Flat,deep,ad,ad,In,Adi Bitton,out,cross court,near,4.110586,22.31131,-2.494141,-1.017434
Opponent,5,166,28,3,-2.336915,4.668885,-4.089844,-2.407538,1.068359,41.850475,in_play,Backhand,Flat,deep,ad,ad,In,Adi Bitton,out,cross court,far,-2.336915,4.668885,4.089844,26.177538
Adi Bitton,6,166,28,3,-0.834961,5.385683,-2.894531,0.888816,1.595703,56.079807,in_play,Backhand,Flat,deep,ad,ad,In,Adi Bitton,deep,cross court,near,0.834961,18.384317,-2.894531,0.888816
Opponent,7,166,28,3,1.211654,4.754771,-2.578125,-1.751288,1.435547,36.815361,in_play,Backhand,Slice,deep,deuce,ad,In,Adi Bitton,out,down the line,far,1.211654,4.754771,2.578125,25.521288
Adi Bitton,8,166,28,3,-0.909176,0.006055,0.748535,0.123191,0.989258,73.740295,in_play,Forehand,Topspin,deep,ad,deuce,In,Opponent,deep,down the line,near,0.909176,23.763945,0.748535,0.123191